source_path	native_path	source_blob	namespace_migration
src/MissionPlannerAvalonia/App.axaml	App.axaml	5879433f3dd8099f6cd8034d778980ef90b3f40c	MissionPlannerAvalonia->MissionPlanner
src/MissionPlannerAvalonia/App.axaml.cs	App.axaml.cs	1a7bf58e784c51346e33a20b39cbf532b5ea7cad	MissionPlannerAvalonia->MissionPlanner
src/MissionPlannerAvalonia/AppState.cs	AppState.cs	2a6b2eecfadc960292c884cbdd558ece9a05a197	MissionPlannerAvalonia->MissionPlanner
src/MissionPlannerAvalonia/Assets/Frames/class_heli.png	Assets/Frames/class_heli.png	933a4a7096655b8a716474088c7da57618b0c4f6	none
src/MissionPlannerAvalonia/Assets/Frames/class_hexa.png	Assets/Frames/class_hexa.png	69d3dce352972468e9e4c2afb9a0b7cff6fb2db2	none
src/MissionPlannerAvalonia/Assets/Frames/class_octa.png	Assets/Frames/class_octa.png	12ec5a2a2dd6e4c1909025088dd090a5f70dae12	none
src/MissionPlannerAvalonia/Assets/Frames/class_octaquad.png	Assets/Frames/class_octaquad.png	e2390939732f8351263af3e4a4861a5672ac52bc	none
src/MissionPlannerAvalonia/Assets/Frames/class_quad.png	Assets/Frames/class_quad.png	350b76f24dbc1df7ef32b239b7e34176b649e2ae	none
src/MissionPlannerAvalonia/Assets/Frames/class_tri.png	Assets/Frames/class_tri.png	16654b3c5a2560d3cb80a8982e2166e6bf66529d	none
src/MissionPlannerAvalonia/Assets/Frames/class_y6.png	Assets/Frames/class_y6.png	74a65b89ac7aae2febaf9b64d08e26f22022e24d	none
src/MissionPlannerAvalonia/Assets/Frames/type_h.png	Assets/Frames/type_h.png	07cd01075bac29321ce99798395d5fc3c5e34088	none
src/MissionPlannerAvalonia/Assets/Frames/type_plus.png	Assets/Frames/type_plus.png	d4c4836731672633b081eb577b637e0ffeedf116	none
src/MissionPlannerAvalonia/Assets/Frames/type_v.png	Assets/Frames/type_v.png	85ca9defa65a70edc5f66e4cebf3813282c3129f	none
src/MissionPlannerAvalonia/Assets/Frames/type_x.png	Assets/Frames/type_x.png	17b36b2a6897693fb22b45fc7134be093f30573f	none
src/MissionPlannerAvalonia/Assets/Frames/type_y6b.png	Assets/Frames/type_y6b.png	a75e2385d6fb0b908a740dc0dcdd395de476f097	none
src/MissionPlannerAvalonia/Assets/appicon.ico	Assets/appicon.ico	9afe6bd398a8f6c9679b322eda8363bf19e504da	none
src/MissionPlannerAvalonia/Controls/AirportOverlayController.cs	Controls/AirportOverlayController.cs	49cd37d652af4db23688c0bee8d745bf2607e106	MissionPlannerAvalonia->MissionPlanner
src/MissionPlannerAvalonia/Controls/AnsiTerminalView.cs	Controls/AnsiTerminalView.cs	3ccd413ddb61dd627a03f90e2e9d64dc0c8e538b	MissionPlannerAvalonia->MissionPlanner
src/MissionPlannerAvalonia/Controls/FaceMapPreviewMap.cs	Controls/FaceMapPreviewMap.cs	e679e61859397a783130d26fe0c756f160deddde	MissionPlannerAvalonia->MissionPlanner
src/MissionPlannerAvalonia/Controls/FaceMapProfileControl.cs	Controls/FaceMapProfileControl.cs	8c0dfe1cf189b5ede4379897b2ed83f08467fdca	MissionPlannerAvalonia->MissionPlanner
src/MissionPlannerAvalonia/Controls/FlightPlannerMap.cs	Controls/FlightPlannerMap.cs	b105a9a11b2b86dc70890fe7c98d9900c2b0d896	MissionPlannerAvalonia->MissionPlanner
src/MissionPlannerAvalonia/Controls/FormField.cs	Controls/FormField.cs	9a5039d2e64b29852248b6c01a335b32577adaf0	MissionPlannerAvalonia->MissionPlanner
src/MissionPlannerAvalonia/Controls/FormationGridControl.cs	Controls/FormationGridControl.cs	a732997eb7ec366b62a410f0e5ac596d655db129	MissionPlannerAvalonia->MissionPlanner
src/MissionPlannerAvalonia/Controls/Gauge.cs	Controls/Gauge.cs	8dade6ec22cca2a4b1852d18a28dde2fbc7fe4d1	MissionPlannerAvalonia->MissionPlanner
src/MissionPlannerAvalonia/Controls/GimbalVideoOverlay.cs	Controls/GimbalVideoOverlay.cs	a86cefb02fdca2ac50c671892a3eb8336b3ce8bc	MissionPlannerAvalonia->MissionPlanner
src/MissionPlannerAvalonia/Controls/HeliCollectivePlot.cs	Controls/HeliCollectivePlot.cs	e8f3acfd1eacd6fb40d51a165e322c9bf8eaa9cf	MissionPlannerAvalonia->MissionPlanner
src/MissionPlannerAvalonia/Controls/Hsi.cs	Controls/Hsi.cs	a413f2718e1d81fc6a679f106a4f813357fa8518	MissionPlannerAvalonia->MissionPlanner
src/MissionPlannerAvalonia/Controls/HudControl.cs	Controls/HudControl.cs	8d33d7c0ad944a38277107848a7e407c97575d82	MissionPlannerAvalonia->MissionPlanner
src/MissionPlannerAvalonia/Controls/ImportedMapOverlayRenderer.cs	Controls/ImportedMapOverlayRenderer.cs	9a95f979250c7d46fcd7b410538fcda7c514fd93	MissionPlannerAvalonia->MissionPlanner
src/MissionPlannerAvalonia/Controls/LivePlot.cs	Controls/LivePlot.cs	a6a10786259b90e228d7c838149fad58773114a1	MissionPlannerAvalonia->MissionPlanner
src/MissionPlannerAvalonia/Controls/MapView.cs	Controls/MapView.cs	843124c7e59d7966693665200bb3bc5a4562bae6	MissionPlannerAvalonia->MissionPlanner
src/MissionPlannerAvalonia/Controls/MavMarker.cs	Controls/MavMarker.cs	cc1f9c6ca2a291d3a5802a6deb8f94df18d7fe5e	MissionPlannerAvalonia->MissionPlanner
src/MissionPlannerAvalonia/Controls/OverlapCoverageBuilder.cs	Controls/OverlapCoverageBuilder.cs	d62f348b32bb59e5f3f36a44653d37fe48e47790	MissionPlannerAvalonia->MissionPlanner
src/MissionPlannerAvalonia/Controls/ParamFieldsView.axaml	Controls/ParamFieldsView.axaml	ef01d70c9ad9ed919267e2693d2cb133755c08d5	MissionPlannerAvalonia->MissionPlanner
src/MissionPlannerAvalonia/Controls/ParamFieldsView.axaml.cs	Controls/ParamFieldsView.axaml.cs	e5d364021c4f13fc07038fcfd9247cee722a8d06	MissionPlannerAvalonia->MissionPlanner
src/MissionPlannerAvalonia/Controls/PropagationOverlayController.cs	Controls/PropagationOverlayController.cs	9acdab19339508d4e874c7d18bebe463668f186f	MissionPlannerAvalonia->MissionPlanner
src/MissionPlannerAvalonia/Controls/ProximityRadarControl.cs	Controls/ProximityRadarControl.cs	ba2eaa64a0f468e48dd553a338285f2e6fc551be	MissionPlannerAvalonia->MissionPlanner
src/MissionPlannerAvalonia/Controls/QuickView.cs	Controls/QuickView.cs	c37e75c08753389c6b004f0f7ba3b5ae3d19ec73	MissionPlannerAvalonia->MissionPlanner
src/MissionPlannerAvalonia/Controls/SequenceLayoutControl.cs	Controls/SequenceLayoutControl.cs	91030b26df338f0d1f6505e3a8546a7956a7f2e0	MissionPlannerAvalonia->MissionPlanner
src/MissionPlannerAvalonia/Controls/SurveyGridPreviewMap.cs	Controls/SurveyGridPreviewMap.cs	2017393b8265fc9513e48e58bd7c82d6733e7f6a	MissionPlannerAvalonia->MissionPlanner
src/MissionPlannerAvalonia/Controls/VideoControl.cs	Controls/VideoControl.cs	ea9c3f4871a7c2c6e15c6761fe54fae6495f9b0b	MissionPlannerAvalonia->MissionPlanner
src/MissionPlannerAvalonia/Controls/WaypointLeaderProfileControl.cs	Controls/WaypointLeaderProfileControl.cs	f908d86ed45c8413a8c99c01fa07337945e275a7	MissionPlannerAvalonia->MissionPlanner
src/MissionPlannerAvalonia/Converters.cs	Converters.cs	2c30b08ffffb6c49e90cdddb2a112585693a12f9	MissionPlannerAvalonia->MissionPlanner
src/MissionPlannerAvalonia/Program.cs	Program.cs	7c60b6393ee072a9aad1b0d9c55f4414f3d1615a	MissionPlannerAvalonia->MissionPlanner
src/MissionPlannerAvalonia/Services/AirportService.cs	Services/AirportService.cs	dd6bfbad4d7465649ef1b948d3f8703861b039cc	MissionPlannerAvalonia->MissionPlanner
src/MissionPlannerAvalonia/Services/AnsiTerminalBuffer.cs	Services/AnsiTerminalBuffer.cs	0ad323eeb12274a4d872599fccc0fad7962fc8bc	MissionPlannerAvalonia->MissionPlanner
src/MissionPlannerAvalonia/Services/AntennaTrackerOutputs.cs	Services/AntennaTrackerOutputs.cs	fc1f9082b470293af4f68fcf95cb2e0a735970ec	MissionPlannerAvalonia->MissionPlanner
src/MissionPlannerAvalonia/Services/AppPaths.cs	Services/AppPaths.cs	1401dae7f027839698626e8a0aa9c847e1bbda39	MissionPlannerAvalonia->MissionPlanner
src/MissionPlannerAvalonia/Services/AppVersion.cs	Services/AppVersion.cs	f4615b2f29693ecd1702c150f7e3e8e7d8731a11	MissionPlannerAvalonia->MissionPlanner
src/MissionPlannerAvalonia/Services/AudioVario.cs	Services/AudioVario.cs	48f1a96456c26d11e181507b3297ad5dfa92ca66	MissionPlannerAvalonia->MissionPlanner
src/MissionPlannerAvalonia/Services/BatteryEstimator.cs	Services/BatteryEstimator.cs	834598dd8fa40e6a79618c969303283604ce21f7	MissionPlannerAvalonia->MissionPlanner
src/MissionPlannerAvalonia/Services/CotEventSerializer.cs	Services/CotEventSerializer.cs	7da084e4d0b0745b7af3eccec877cceede2c9086	MissionPlannerAvalonia->MissionPlanner
src/MissionPlannerAvalonia/Services/DataFlashExpressionEvaluator.cs	Services/DataFlashExpressionEvaluator.cs	a88a4047ba276854329948e3d6dcba3d913f23fd	MissionPlannerAvalonia->MissionPlanner
src/MissionPlannerAvalonia/Services/DataFlashLog.cs	Services/DataFlashLog.cs	6bdbef5b8c04fe5eca227c1acee90c5f09dd4c4c	MissionPlannerAvalonia->MissionPlanner
src/MissionPlannerAvalonia/Services/DeveloperToolParsers.cs	Services/DeveloperToolParsers.cs	98ec8ea93b4c9b65a2e98ebeda313ccd5f1ee076	MissionPlannerAvalonia->MissionPlanner
src/MissionPlannerAvalonia/Services/Dialogs.cs	Services/Dialogs.cs	20c30601b731a037163426d775d220a2fd41e35f	MissionPlannerAvalonia->MissionPlanner
src/MissionPlannerAvalonia/Services/DisplayViewService.cs	Services/DisplayViewService.cs	9b93420d53d7db5f9ed120625136826008aab67f	MissionPlannerAvalonia->MissionPlanner
src/MissionPlannerAvalonia/Services/ElevationSourceService.cs	Services/ElevationSourceService.cs	2006da03c43fe995b4c82bc9f7f82441a1865d8b	MissionPlannerAvalonia->MissionPlanner
src/MissionPlannerAvalonia/Services/ExternalAdsbReceiver.cs	Services/ExternalAdsbReceiver.cs	103d701205f8aadf608f218fe2e1334956d773c4	MissionPlannerAvalonia->MissionPlanner
src/MissionPlannerAvalonia/Services/FaceMapSupport.cs	Services/FaceMapSupport.cs	9cc44b1bbc5c360e602948ee7123ff3681669025	MissionPlannerAvalonia->MissionPlanner
src/MissionPlannerAvalonia/Services/FirmwareArchiveService.cs	Services/FirmwareArchiveService.cs	b27ca292c4775bfa357763495bedc85839b56a31	MissionPlannerAvalonia->MissionPlanner
src/MissionPlannerAvalonia/Services/FlightCommandShortcuts.cs	Services/FlightCommandShortcuts.cs	e30c7d9f0c5ce50ee702bdb4dea713064841b79e	MissionPlannerAvalonia->MissionPlanner
src/MissionPlannerAvalonia/Services/FlightModeNames.cs	Services/FlightModeNames.cs	c4369ea27aad9ef0b8d035f7f682344576c0be10	MissionPlannerAvalonia->MissionPlanner
src/MissionPlannerAvalonia/Services/FormationFlight.cs	Services/FormationFlight.cs	474b7d14018aa6dd216bce23db762f7942e6e154	MissionPlannerAvalonia->MissionPlanner
src/MissionPlannerAvalonia/Services/FrameDefaultCatalogService.cs	Services/FrameDefaultCatalogService.cs	079f05c7834548e1db42eec8b43dd5e285d329b2	MissionPlannerAvalonia->MissionPlanner
src/MissionPlannerAvalonia/Services/Geo.cs	Services/Geo.cs	5ad1553e656627ba67f460490508687b084f4038	MissionPlannerAvalonia->MissionPlanner
src/MissionPlannerAvalonia/Services/GeoPackageOverlayReader.cs	Services/GeoPackageOverlayReader.cs	f1e6e4bfd2208481a5161577f2d4fa494aba9150	MissionPlannerAvalonia->MissionPlanner
src/MissionPlannerAvalonia/Services/GimbalVideoInteraction.cs	Services/GimbalVideoInteraction.cs	bd58f9ddb667fb92bae8a8db0ccce5e5d6c00753	MissionPlannerAvalonia->MissionPlanner
src/MissionPlannerAvalonia/Services/GraphPresets.cs	Services/GraphPresets.cs	f0a98f909530eb141c274fe690a781cd908e63ca	MissionPlannerAvalonia->MissionPlanner
src/MissionPlannerAvalonia/Services/HeliVisualization.cs	Services/HeliVisualization.cs	2d3a3214f67a57c0bccceb7341be7077a58289eb	MissionPlannerAvalonia->MissionPlanner
src/MissionPlannerAvalonia/Services/HongKongNoFlyService.cs	Services/HongKongNoFlyService.cs	4fa19c0e9a26dc71df1df881934af2c1c908b461	MissionPlannerAvalonia->MissionPlanner
src/MissionPlannerAvalonia/Services/HudFrameRecorder.cs	Services/HudFrameRecorder.cs	4e1ef74834a256e01180dcb22e3a468abf11e8b4	MissionPlannerAvalonia->MissionPlanner
src/MissionPlannerAvalonia/Services/ImportedOverlayStore.cs	Services/ImportedOverlayStore.cs	1cfce3c04f23d2588a2ade547a320b3333636198	MissionPlannerAvalonia->MissionPlanner
src/MissionPlannerAvalonia/Services/JoystickControl.cs	Services/JoystickControl.cs	510e2cb41a413003bbe0f58df90dbb0b7eb22bc7	MissionPlannerAvalonia->MissionPlanner
src/MissionPlannerAvalonia/Services/JoystickInput.cs	Services/JoystickInput.cs	01dfdf54ea20e23d42d8383b94dbcfe736c74558	MissionPlannerAvalonia->MissionPlanner
src/MissionPlannerAvalonia/Services/KIndexService.cs	Services/KIndexService.cs	67979a84787ca442baac3b404e6b68d5153d1da4	MissionPlannerAvalonia->MissionPlanner
src/MissionPlannerAvalonia/Services/KmlGroundOverlayProcessor.cs	Services/KmlGroundOverlayProcessor.cs	b7f4b1ed5893bfc432da78ad35f34a5bf116a94e	MissionPlannerAvalonia->MissionPlanner
src/MissionPlannerAvalonia/Services/KmlMissionReader.cs	Services/KmlMissionReader.cs	2182526978cc19c25a05d7c5d6a1a1be4440b535	MissionPlannerAvalonia->MissionPlanner
src/MissionPlannerAvalonia/Services/LatestOperationController.cs	Services/LatestOperationController.cs	9721585ba21d987ebc61c508e72c43dfc00c04ed	MissionPlannerAvalonia->MissionPlanner
src/MissionPlannerAvalonia/Services/LibVlcBootstrap.cs	Services/LibVlcBootstrap.cs	9b4a847b0bc5940eae7433081e27c8465c751a2c	MissionPlannerAvalonia->MissionPlanner
src/MissionPlannerAvalonia/Services/LinuxBleSerial.cs	Services/LinuxBleSerial.cs	43bcae72d5f3743f2e4b20d3c6d288855579b610	MissionPlannerAvalonia->MissionPlanner
src/MissionPlannerAvalonia/Services/LogAnalyzer.cs	Services/LogAnalyzer.cs	f756cf0619b11ae91583f34149f1f2e354abbfdc	MissionPlannerAvalonia->MissionPlanner
src/MissionPlannerAvalonia/Services/LogIndexService.cs	Services/LogIndexService.cs	0b917668fb00adabd498af71d4902a5751e5aaf8	MissionPlannerAvalonia->MissionPlanner
src/MissionPlannerAvalonia/Services/LogOrganizer.cs	Services/LogOrganizer.cs	147d0069f494c23fba942a5ae713cc683f22817b	MissionPlannerAvalonia->MissionPlanner
src/MissionPlannerAvalonia/Services/LuaScriptHost.cs	Services/LuaScriptHost.cs	2082b510b73f5b77bf4a17a3fa529d5a5b7a2815	MissionPlannerAvalonia->MissionPlanner
src/MissionPlannerAvalonia/Services/MacHidJoystick.cs	Services/MacHidJoystick.cs	eaecd07ed6c090a981487cec9f7889d0a5208447	MissionPlannerAvalonia->MissionPlanner
src/MissionPlannerAvalonia/Services/MapCacheManager.cs	Services/MapCacheManager.cs	8a0e8ef049aa5914b9d750b26b1f69bbbf4270ae	MissionPlannerAvalonia->MissionPlanner
src/MissionPlannerAvalonia/Services/MapTileImporter.cs	Services/MapTileImporter.cs	d076f85469b5b68a0985fd61c861d6be3fad13c8	MissionPlannerAvalonia->MissionPlanner
src/MissionPlannerAvalonia/Services/MapTileSourceFactory.cs	Services/MapTileSourceFactory.cs	305b9cd8b6fc437005b7e55288713e8c4b8da11b	MissionPlannerAvalonia->MissionPlanner
src/MissionPlannerAvalonia/Services/MavCmdInfo.cs	Services/MavCmdInfo.cs	1cd0b17b16fdb66d6f24d3a94cf4954895e1932b	MissionPlannerAvalonia->MissionPlanner
src/MissionPlannerAvalonia/Services/MavLinkConnectionManager.cs	Services/MavLinkConnectionManager.cs	2cf4e156c83ec101415b31fd0e43621f17f381cf	MissionPlannerAvalonia->MissionPlanner
src/MissionPlannerAvalonia/Services/MavLinkTransportRelease.cs	Services/MavLinkTransportRelease.cs	159581ed5be079fd3c1049bb7c7656745e411d46	MissionPlannerAvalonia->MissionPlanner
src/MissionPlannerAvalonia/Services/MavlinkSerialTcpBridge.cs	Services/MavlinkSerialTcpBridge.cs	88fa7c610809fb53d04d3af168de3e2b342f6502	MissionPlannerAvalonia->MissionPlanner
src/MissionPlannerAvalonia/Services/MavlinkVideoStreams.cs	Services/MavlinkVideoStreams.cs	a9af7d2e837c3e0344ac1f47158725830c173fcc	MissionPlannerAvalonia->MissionPlanner
src/MissionPlannerAvalonia/Services/MicrodroneDownlinkEncoder.cs	Services/MicrodroneDownlinkEncoder.cs	43120471c6df5ca1f89c90109cd5eba19fa85ca5	MissionPlannerAvalonia->MissionPlanner
src/MissionPlannerAvalonia/Services/MissionCommandCatalog.cs	Services/MissionCommandCatalog.cs	1694cdf72477e5522714cadfd17eec246151b612	MissionPlannerAvalonia->MissionPlanner
src/MissionPlannerAvalonia/Services/MissionRoute.cs	Services/MissionRoute.cs	2ee939d4f47dbe6706e8aae8b00217f044b0cde4	MissionPlannerAvalonia->MissionPlanner
src/MissionPlannerAvalonia/Services/NativeGdalApi.cs	Services/NativeGdalApi.cs	e9e5e47fbcb0849be970bcf20f6a3812e46a9b57	MissionPlannerAvalonia->MissionPlanner
src/MissionPlannerAvalonia/Services/NativeGdalMapService.cs	Services/NativeGdalMapService.cs	1d245d38b43bbb3107a03493101353254bdaf163	MissionPlannerAvalonia->MissionPlanner
src/MissionPlannerAvalonia/Services/NativeSimpleBleSerial.cs	Services/NativeSimpleBleSerial.cs	69d24f4e410685294d1b273fa5838e07de5ef7f5	MissionPlannerAvalonia->MissionPlanner
src/MissionPlannerAvalonia/Services/NmeaGgaParser.cs	Services/NmeaGgaParser.cs	02540597230b026816e58dd01b7a6a4900f21348	MissionPlannerAvalonia->MissionPlanner
src/MissionPlannerAvalonia/Services/NmeaVehicleSession.cs	Services/NmeaVehicleSession.cs	f9b2921f692bcf59d94a00e982966d038d60bcff	MissionPlannerAvalonia->MissionPlanner
src/MissionPlannerAvalonia/Services/NoFlyOverlay.cs	Services/NoFlyOverlay.cs	b32aa1c66e23608c8bf0a8ccb861d30b8fa64219	MissionPlannerAvalonia->MissionPlanner
src/MissionPlannerAvalonia/Services/NoFlyOverlayCoordinator.cs	Services/NoFlyOverlayCoordinator.cs	f3861beb0e1d5d033deb6aa6302965b2c85d4178	MissionPlannerAvalonia->MissionPlanner
src/MissionPlannerAvalonia/Services/NvModemCatalog.cs	Services/NvModemCatalog.cs	0f10c58c0b48b99ef06988f97925ea658420335d	MissionPlannerAvalonia->MissionPlanner
src/MissionPlannerAvalonia/Services/NvModemMavlink.cs	Services/NvModemMavlink.cs	e72333b9398997b0525c0be9a880ff8eca905469	MissionPlannerAvalonia->MissionPlanner
src/MissionPlannerAvalonia/Services/OfflineMagFitService.cs	Services/OfflineMagFitService.cs	6d4d02f365a49416eca0b6a46e72647665f8473f	MissionPlannerAvalonia->MissionPlanner
src/MissionPlannerAvalonia/Services/OgcMapProvider.cs	Services/OgcMapProvider.cs	9b6b8373806a155f7823bb655b69f7dd0c972514	MissionPlannerAvalonia->MissionPlanner
src/MissionPlannerAvalonia/Services/OpenDroneIdMessageFactory.cs	Services/OpenDroneIdMessageFactory.cs	d87b2f3fc8ebc977acb5cc4d449367a4529c9d0d	MissionPlannerAvalonia->MissionPlanner
src/MissionPlannerAvalonia/Services/OsdVideoOverlay.cs	Services/OsdVideoOverlay.cs	cc1a4ca26f9dea3becef9d78b003817facf5ba48	MissionPlannerAvalonia->MissionPlanner
src/MissionPlannerAvalonia/Services/ParameterRecoveryWorkflow.cs	Services/ParameterRecoveryWorkflow.cs	0ce4869f7a44682be6137a557ac1980ab56317d3	MissionPlannerAvalonia->MissionPlanner
src/MissionPlannerAvalonia/Services/PlannerGeometry.cs	Services/PlannerGeometry.cs	9423fb57ef50cc13dec4ebaa08bc1fec2305aa8e	MissionPlannerAvalonia->MissionPlanner
src/MissionPlannerAvalonia/Services/PlannerMapImportService.cs	Services/PlannerMapImportService.cs	80556e65cd38998cb9c5426f13b744a8b6b504a2	MissionPlannerAvalonia->MissionPlanner
src/MissionPlannerAvalonia/Services/PlannerTextGeometry.cs	Services/PlannerTextGeometry.cs	49870d5b59c6d10a1a06f50cdc41a478493f075d	MissionPlannerAvalonia->MissionPlanner
src/MissionPlannerAvalonia/Services/PluginRuntime.cs	Services/PluginRuntime.cs	22c6db5d8354287c81ba962938f88812b28dbd6a	MissionPlannerAvalonia->MissionPlanner
src/MissionPlannerAvalonia/Services/PluginService.cs	Services/PluginService.cs	bfbb4b5883dd7e30a29a00a2af7b23fb4dbe548d	MissionPlannerAvalonia->MissionPlanner
src/MissionPlannerAvalonia/Services/PoiStore.cs	Services/PoiStore.cs	64848eba3e86159a5662a383ce6b3ba3a9502ada	MissionPlannerAvalonia->MissionPlanner
src/MissionPlannerAvalonia/Services/PortableWebSocketSerial.cs	Services/PortableWebSocketSerial.cs	b9f3b08cd72f76af0650cb5a101433626d831ca4	MissionPlannerAvalonia->MissionPlanner
src/MissionPlannerAvalonia/Services/PreflightChecklist.cs	Services/PreflightChecklist.cs	635855a6dd9e1effa48f06088e79c9103120a616	MissionPlannerAvalonia->MissionPlanner
src/MissionPlannerAvalonia/Services/ProgressDialogs.cs	Services/ProgressDialogs.cs	58d6e32f1a0d98b9e90ff7b63ada49037ba45e80	MissionPlannerAvalonia->MissionPlanner
src/MissionPlannerAvalonia/Services/PropagationService.cs	Services/PropagationService.cs	05b90d5b8f3e4ad6c582bb8846458c54f91fc756	MissionPlannerAvalonia->MissionPlanner
src/MissionPlannerAvalonia/Services/Px4FlowReceiver.cs	Services/Px4FlowReceiver.cs	6a6de911d77a7109f6540f59f16b2f973e683e21	MissionPlannerAvalonia->MissionPlanner
src/MissionPlannerAvalonia/Services/ResxTranslationService.cs	Services/ResxTranslationService.cs	9c2d6189512d2e24fb880b0a8d2a9b73fc17292e	MissionPlannerAvalonia->MissionPlanner
src/MissionPlannerAvalonia/Services/SftpLogDownloadSupport.cs	Services/SftpLogDownloadSupport.cs	1d00dd3f0bcf577b3c7ff177648c914043cf7b46	MissionPlannerAvalonia->MissionPlanner
src/MissionPlannerAvalonia/Services/SftpLogSession.cs	Services/SftpLogSession.cs	605c67feda937d0dd9ae043843ec436e342861e4	MissionPlannerAvalonia->MissionPlanner
src/MissionPlannerAvalonia/Services/SitlLauncher.cs	Services/SitlLauncher.cs	17eba0717983ddab92bd8e0198c1578590418e70	MissionPlannerAvalonia->MissionPlanner
src/MissionPlannerAvalonia/Services/Speech.cs	Services/Speech.cs	b80bcee4d1eb77323276806f4b322ea92934de2b	MissionPlannerAvalonia->MissionPlanner
src/MissionPlannerAvalonia/Services/SpeechAnnouncer.cs	Services/SpeechAnnouncer.cs	da41c1ce2e9243109f62dd032c7fd9988f314a06	MissionPlannerAvalonia->MissionPlanner
src/MissionPlannerAvalonia/Services/SshHostKeyPrompt.cs	Services/SshHostKeyPrompt.cs	74aaf72c808bc4911b1e50ad4c2d05052c9c6745	MissionPlannerAvalonia->MissionPlanner
src/MissionPlannerAvalonia/Services/SshTerminalSession.cs	Services/SshTerminalSession.cs	c5aa4141a951148322ca35f54037089f08887b42	MissionPlannerAvalonia->MissionPlanner
src/MissionPlannerAvalonia/Services/SurveyGridSupport.cs	Services/SurveyGridSupport.cs	2cef59b7d3ef85e5b1e4c940d1c90dd277a788af	MissionPlannerAvalonia->MissionPlanner
src/MissionPlannerAvalonia/Services/SwarmFollowLeader.cs	Services/SwarmFollowLeader.cs	01d0a1c0140473932e3bdbe852a546233465d356	MissionPlannerAvalonia->MissionPlanner
src/MissionPlannerAvalonia/Services/SwarmFollowPath.cs	Services/SwarmFollowPath.cs	f9dc20c927007f3be9e05edf7d3ed1b283ff4019	MissionPlannerAvalonia->MissionPlanner
src/MissionPlannerAvalonia/Services/SwarmSequence.cs	Services/SwarmSequence.cs	1ea96060301764eaf729d27055030529a3fb435d	MissionPlannerAvalonia->MissionPlanner
src/MissionPlannerAvalonia/Services/SwarmWaypointLeader.cs	Services/SwarmWaypointLeader.cs	035d42be61596364e05c236cd3de3dc194295c3d	MissionPlannerAvalonia->MissionPlanner
src/MissionPlannerAvalonia/Services/TerminalKeyEncoder.cs	Services/TerminalKeyEncoder.cs	38babac2cb0ea6085118574429faf8a3355b6705	MissionPlannerAvalonia->MissionPlanner
src/MissionPlannerAvalonia/Services/Terrain3D.cs	Services/Terrain3D.cs	13b0a9fe085b4b36b61c1e53d67a5dec65080640	MissionPlannerAvalonia->MissionPlanner
src/MissionPlannerAvalonia/Services/TerrainDataService.cs	Services/TerrainDataService.cs	7970f314a9b54e3c1f6812561baa83eab11e9719	MissionPlannerAvalonia->MissionPlanner
src/MissionPlannerAvalonia/Services/ThemeService.cs	Services/ThemeService.cs	b85042f41699e4b676c72114d00ed169d250b6bc	MissionPlannerAvalonia->MissionPlanner
src/MissionPlannerAvalonia/Services/TlogExportService.cs	Services/TlogExportService.cs	6c66dbb0addd3f7c4665feeccd7b609786feb893	MissionPlannerAvalonia->MissionPlanner
src/MissionPlannerAvalonia/Services/TlogPlayer.cs	Services/TlogPlayer.cs	967ca768a467a7faa810138e30baa45832af9939	MissionPlannerAvalonia->MissionPlanner
src/MissionPlannerAvalonia/Services/TrackerHomeNmeaService.cs	Services/TrackerHomeNmeaService.cs	792a4634d20c8a6dead19278ef7d6cb3674d5417	MissionPlannerAvalonia->MissionPlanner
src/MissionPlannerAvalonia/Services/TrafficService.cs	Services/TrafficService.cs	e37cbab458301a4dada91db27efc40be2f0c8aab	MissionPlannerAvalonia->MissionPlanner
src/MissionPlannerAvalonia/Services/Updater.cs	Services/Updater.cs	0a11affafbc799c76aecb58ba3ee928fd7d67900	MissionPlannerAvalonia->MissionPlanner
src/MissionPlannerAvalonia/Services/VehicleFirmwarePolicy.cs	Services/VehicleFirmwarePolicy.cs	52452fd7abf3a73fa7b3723fb46a695b78260240	MissionPlannerAvalonia->MissionPlanner
src/MissionPlannerAvalonia/Services/VehicleParameterLoadCoordinator.cs	Services/VehicleParameterLoadCoordinator.cs	2bd1c276bb2340876e762597deede7ae0151b46c	MissionPlannerAvalonia->MissionPlanner
src/MissionPlannerAvalonia/Services/VideoSourceResolver.cs	Services/VideoSourceResolver.cs	7177635da89a9157b0bc8b3acebb36d64327728a	MissionPlannerAvalonia->MissionPlanner
src/MissionPlannerAvalonia/Theme/MpTheme.axaml	Theme/MpTheme.axaml	a227fccf3be90917cc6cb58672b909e16e0898e7	MissionPlannerAvalonia->MissionPlanner
src/MissionPlannerAvalonia/Theme/Palettes/Classic.axaml	Theme/Palettes/Classic.axaml	c9996c31b57880c0d7b946b8680e82d53824c11d	MissionPlannerAvalonia->MissionPlanner
src/MissionPlannerAvalonia/Theme/Palettes/DeepForest.axaml	Theme/Palettes/DeepForest.axaml	4544158111ba998dc77582220307b9eadfb0e1ce	MissionPlannerAvalonia->MissionPlanner
src/MissionPlannerAvalonia/Theme/Palettes/Emerald.axaml	Theme/Palettes/Emerald.axaml	433be1a48a650bd046ef1546faac3c5782387287	MissionPlannerAvalonia->MissionPlanner
src/MissionPlannerAvalonia/Theme/Palettes/LimeRefined.axaml	Theme/Palettes/LimeRefined.axaml	a7d30e265b8785aef35c36a03936b30920afab5b	MissionPlannerAvalonia->MissionPlanner
src/MissionPlannerAvalonia/Theme/Palettes/PaletteResources.cs	Theme/Palettes/PaletteResources.cs	7fcaddf6b762f34449e5b95e85c2908d99731592	MissionPlannerAvalonia->MissionPlanner
src/MissionPlannerAvalonia/ViewLocator.cs	ViewLocator.cs	ff45aa56bec4b3425e3e1c6888f15cb6d7980ffe	MissionPlannerAvalonia->MissionPlanner
src/MissionPlannerAvalonia/ViewModels/ActionPageViewModel.cs	ViewModels/ActionPageViewModel.cs	4aaf222d68556738ba6be1e8606eedbb00bead94	MissionPlannerAvalonia->MissionPlanner
src/MissionPlannerAvalonia/ViewModels/AntennaTrackerUIViewModel.cs	ViewModels/AntennaTrackerUIViewModel.cs	8d34ac1d4c63c3962620013851fef0ae7e5f3339	MissionPlannerAvalonia->MissionPlanner
src/MissionPlannerAvalonia/ViewModels/BackstageViewModel.cs	ViewModels/BackstageViewModel.cs	fb1a59b8971fdab0a84e0ed5308f3f1323248009	MissionPlannerAvalonia->MissionPlanner
src/MissionPlannerAvalonia/ViewModels/ConfigViewModel.cs	ViewModels/ConfigViewModel.cs	bd0d703f58164d2b507594b794f94131f0743366	MissionPlannerAvalonia->MissionPlanner
src/MissionPlannerAvalonia/ViewModels/ConnectionOptionsViewModel.cs	ViewModels/ConnectionOptionsViewModel.cs	aee0abe3b828af1e5b5f6cb8054bed075613e361	MissionPlannerAvalonia->MissionPlanner
src/MissionPlannerAvalonia/ViewModels/ConnectionViewModel.cs	ViewModels/ConnectionViewModel.cs	9f83c90d741b56cc423fdd369eb7fa18deacc192	MissionPlannerAvalonia->MissionPlanner
src/MissionPlannerAvalonia/ViewModels/DeviceOperationsViewModel.cs	ViewModels/DeviceOperationsViewModel.cs	de3cfd0b4c6e96737b796a96a071e6fc389654d5	MissionPlannerAvalonia->MissionPlanner
src/MissionPlannerAvalonia/ViewModels/DroneCANInspectorViewModel.cs	ViewModels/DroneCANInspectorViewModel.cs	4b0316582b0ca28227249dc1d819421cf04fbf8f	MissionPlannerAvalonia->MissionPlanner
src/MissionPlannerAvalonia/ViewModels/DroneCanBridge.cs	ViewModels/DroneCanBridge.cs	1ba299112bf4e76e102058238648d29ce3edbd65	MissionPlannerAvalonia->MissionPlanner
src/MissionPlannerAvalonia/ViewModels/FaceMapMissionBuilder.cs	ViewModels/FaceMapMissionBuilder.cs	d3906bf08465789a99c18aa269320fbb45fcc2af	MissionPlannerAvalonia->MissionPlanner
src/MissionPlannerAvalonia/ViewModels/FaceMapViewModel.cs	ViewModels/FaceMapViewModel.cs	618e943f33185825461119b98fdccf848930d1ef	MissionPlannerAvalonia->MissionPlanner
src/MissionPlannerAvalonia/ViewModels/FlightDataViewModel.cs	ViewModels/FlightDataViewModel.cs	7d0af31ff2255af186334320cd8e115a4f7c8001	MissionPlannerAvalonia->MissionPlanner
src/MissionPlannerAvalonia/ViewModels/FlightPlannerViewModel.cs	ViewModels/FlightPlannerViewModel.cs	657feb94d41bd1c694f0bcd22168766ff5dcf1f0	MissionPlannerAvalonia->MissionPlanner
src/MissionPlannerAvalonia/ViewModels/FollowMeViewModel.cs	ViewModels/FollowMeViewModel.cs	7d419755a4bd6e76be924cc915d46a59417d95b4	MissionPlannerAvalonia->MissionPlanner
src/MissionPlannerAvalonia/ViewModels/FormationControlViewModel.cs	ViewModels/FormationControlViewModel.cs	489f758fe5851756311fc002fcc508672bbe8864	MissionPlannerAvalonia->MissionPlanner
src/MissionPlannerAvalonia/ViewModels/GCSViews/ConfigurationView/ConfigAC_FenceViewModel.cs	ViewModels/GCSViews/ConfigurationView/ConfigAC_FenceViewModel.cs	23fb61c3b35b70c2eb72ce0f90d9f560d9427bd6	MissionPlannerAvalonia->MissionPlanner
src/MissionPlannerAvalonia/ViewModels/GCSViews/ConfigurationView/ConfigADSBViewModel.cs	ViewModels/GCSViews/ConfigurationView/ConfigADSBViewModel.cs	629b008451655db736800b293aa014b09005efee	MissionPlannerAvalonia->MissionPlanner
src/MissionPlannerAvalonia/ViewModels/GCSViews/ConfigurationView/ConfigAdvancedViewModel.cs	ViewModels/GCSViews/ConfigurationView/ConfigAdvancedViewModel.cs	cf2aa9b8fe9f26d0e0c876512ee370b2318a35d7	MissionPlannerAvalonia->MissionPlanner
src/MissionPlannerAvalonia/ViewModels/GCSViews/ConfigurationView/ConfigAirspeedViewModel.cs	ViewModels/GCSViews/ConfigurationView/ConfigAirspeedViewModel.cs	717eb34fae5112f2231511c9feaca224568a216d	MissionPlannerAvalonia->MissionPlanner
src/MissionPlannerAvalonia/ViewModels/GCSViews/ConfigurationView/ConfigAntennaTrackerParamViewModel.cs	ViewModels/GCSViews/ConfigurationView/ConfigAntennaTrackerParamViewModel.cs	759615917fd06a377da6049b8fb5b8f4a11ccda1	MissionPlannerAvalonia->MissionPlanner
src/MissionPlannerAvalonia/ViewModels/GCSViews/ConfigurationView/ConfigAntennaTrackerViewModel.cs	ViewModels/GCSViews/ConfigurationView/ConfigAntennaTrackerViewModel.cs	a5d29f91c15e6ad9d6126320decbc16b12a87ae4	MissionPlannerAvalonia->MissionPlanner
src/MissionPlannerAvalonia/ViewModels/GCSViews/ConfigurationView/ConfigArduplaneViewModel.cs	ViewModels/GCSViews/ConfigurationView/ConfigArduplaneViewModel.cs	579f706c600dc4d52d72e8cce14720505c96e654	MissionPlannerAvalonia->MissionPlanner
src/MissionPlannerAvalonia/ViewModels/GCSViews/ConfigurationView/ConfigArduroverViewModel.cs	ViewModels/GCSViews/ConfigurationView/ConfigArduroverViewModel.cs	5076128f0978a3957ff96537368593a2950671d6	MissionPlannerAvalonia->MissionPlanner
src/MissionPlannerAvalonia/ViewModels/GCSViews/ConfigurationView/ConfigBasicTuningViewModel.cs	ViewModels/GCSViews/ConfigurationView/ConfigBasicTuningViewModel.cs	20128ae03ec07bf49a98cdc47346b45c7cfe99c7	MissionPlannerAvalonia->MissionPlanner
src/MissionPlannerAvalonia/ViewModels/GCSViews/ConfigurationView/ConfigBatteryMonitoring2ViewModel.cs	ViewModels/GCSViews/ConfigurationView/ConfigBatteryMonitoring2ViewModel.cs	467e697fbd3789ab00ccdd13b9723e6e4cbf4a55	MissionPlannerAvalonia->MissionPlanner
src/MissionPlannerAvalonia/ViewModels/GCSViews/ConfigurationView/ConfigBatteryMonitoringViewModel.cs	ViewModels/GCSViews/ConfigurationView/ConfigBatteryMonitoringViewModel.cs	1aa6a5d407aaa71c20c1b945871607ad3fefb026	MissionPlannerAvalonia->MissionPlanner
src/MissionPlannerAvalonia/ViewModels/GCSViews/ConfigurationView/ConfigCalibrationPages.cs	ViewModels/GCSViews/ConfigurationView/ConfigCalibrationPages.cs	560778b3251af92ee1281833c650ff7bf4c1414e	MissionPlannerAvalonia->MissionPlanner
src/MissionPlannerAvalonia/ViewModels/GCSViews/ConfigurationView/ConfigCompassLegacyViewModel.cs	ViewModels/GCSViews/ConfigurationView/ConfigCompassLegacyViewModel.cs	96950119450994641760920be39c48858d0ce815	MissionPlannerAvalonia->MissionPlanner
src/MissionPlannerAvalonia/ViewModels/GCSViews/ConfigurationView/ConfigCompassMotViewModel.cs	ViewModels/GCSViews/ConfigurationView/ConfigCompassMotViewModel.cs	33c5b363dcacf37d353f1949e7d49a0ee1a9f512	MissionPlannerAvalonia->MissionPlanner
src/MissionPlannerAvalonia/ViewModels/GCSViews/ConfigurationView/ConfigCubeIDViewModel.cs	ViewModels/GCSViews/ConfigurationView/ConfigCubeIDViewModel.cs	c032e1ed6ceb2cda218e4f6ad5138cc1aa561f10	MissionPlannerAvalonia->MissionPlanner
src/MissionPlannerAvalonia/ViewModels/GCSViews/ConfigurationView/ConfigDefaultSettingsViewModel.cs	ViewModels/GCSViews/ConfigurationView/ConfigDefaultSettingsViewModel.cs	5d096fb7300a140d48f8749fddb579c06573dcd0	MissionPlannerAvalonia->MissionPlanner
src/MissionPlannerAvalonia/ViewModels/GCSViews/ConfigurationView/ConfigDeveloperToolsViewModel.cs	ViewModels/GCSViews/ConfigurationView/ConfigDeveloperToolsViewModel.cs	621c656137090f5fc6731f8eea79b6ffb6679e56	MissionPlannerAvalonia->MissionPlanner
src/MissionPlannerAvalonia/ViewModels/GCSViews/ConfigurationView/ConfigDroneCanViewModel.cs	ViewModels/GCSViews/ConfigurationView/ConfigDroneCanViewModel.cs	53606323af8a54a200418a3d94a0f8bd66fae00e	MissionPlannerAvalonia->MissionPlanner
src/MissionPlannerAvalonia/ViewModels/GCSViews/ConfigurationView/ConfigElevationSourcesViewModel.cs	ViewModels/GCSViews/ConfigurationView/ConfigElevationSourcesViewModel.cs	93d0942af22a1246dc4105c28ba6a68de171442f	MissionPlannerAvalonia->MissionPlanner
src/MissionPlannerAvalonia/ViewModels/GCSViews/ConfigurationView/ConfigExtendedTuningViewModel.cs	ViewModels/GCSViews/ConfigurationView/ConfigExtendedTuningViewModel.cs	7087d0e14a4bc0960883077db4787dba554fe00e	MissionPlannerAvalonia->MissionPlanner
src/MissionPlannerAvalonia/ViewModels/GCSViews/ConfigurationView/ConfigFFTViewModel.cs	ViewModels/GCSViews/ConfigurationView/ConfigFFTViewModel.cs	21758133354afcdae49e5a9ece453283c18a6967	MissionPlannerAvalonia->MissionPlanner
src/MissionPlannerAvalonia/ViewModels/GCSViews/ConfigurationView/ConfigFailSafeViewModel.cs	ViewModels/GCSViews/ConfigurationView/ConfigFailSafeViewModel.cs	83e91c93ea0b2245b2fa03bc1e7a14791b1d16ee	MissionPlannerAvalonia->MissionPlanner
src/MissionPlannerAvalonia/ViewModels/GCSViews/ConfigurationView/ConfigFirmwareLegacyViewModel.cs	ViewModels/GCSViews/ConfigurationView/ConfigFirmwareLegacyViewModel.cs	9a669733aa42c9373758b5b843de9a14df3a842b	MissionPlannerAvalonia->MissionPlanner
src/MissionPlannerAvalonia/ViewModels/GCSViews/ConfigurationView/ConfigFlightModesViewModel.cs	ViewModels/GCSViews/ConfigurationView/ConfigFlightModesViewModel.cs	b22b4eab90917013a4dca9559b181a7fc51d7633	MissionPlannerAvalonia->MissionPlanner
src/MissionPlannerAvalonia/ViewModels/GCSViews/ConfigurationView/ConfigFrameClassTypeViewModel.cs	ViewModels/GCSViews/ConfigurationView/ConfigFrameClassTypeViewModel.cs	bb55a0a3e618eb23f4ad5c28011933c1065bd3c9	MissionPlannerAvalonia->MissionPlanner
src/MissionPlannerAvalonia/ViewModels/GCSViews/ConfigurationView/ConfigFrameTypeViewModel.cs	ViewModels/GCSViews/ConfigurationView/ConfigFrameTypeViewModel.cs	00f70bd6334e5a476cf170d790e836d9efa09bcd	MissionPlannerAvalonia->MissionPlanner
src/MissionPlannerAvalonia/ViewModels/GCSViews/ConfigurationView/ConfigFriendlyParamsViewModel.cs	ViewModels/GCSViews/ConfigurationView/ConfigFriendlyParamsViewModel.cs	c695fc962fec771eb0529e855b7fa6e5cc729540	MissionPlannerAvalonia->MissionPlanner
src/MissionPlannerAvalonia/ViewModels/GCSViews/ConfigurationView/ConfigGPSOrderViewModel.cs	ViewModels/GCSViews/ConfigurationView/ConfigGPSOrderViewModel.cs	fd26e103537f9d044f32385fc571f221e9e273fb	MissionPlannerAvalonia->MissionPlanner
src/MissionPlannerAvalonia/ViewModels/GCSViews/ConfigurationView/ConfigGpsInjectViewModel.cs	ViewModels/GCSViews/ConfigurationView/ConfigGpsInjectViewModel.cs	72d7b7e50093005c6caa70f9b5c938de0bfc505c	MissionPlannerAvalonia->MissionPlanner
src/MissionPlannerAvalonia/ViewModels/GCSViews/ConfigurationView/ConfigHWBTViewModel.cs	ViewModels/GCSViews/ConfigurationView/ConfigHWBTViewModel.cs	ca9b441ec13e7bef9a262d52774ee0124d399efa	MissionPlannerAvalonia->MissionPlanner
src/MissionPlannerAvalonia/ViewModels/GCSViews/ConfigurationView/ConfigHWCANViewModel.cs	ViewModels/GCSViews/ConfigurationView/ConfigHWCANViewModel.cs	daf6309f3e57f88240231629f70aff748a6a6ce1	MissionPlannerAvalonia->MissionPlanner
src/MissionPlannerAvalonia/ViewModels/GCSViews/ConfigurationView/ConfigHWESP8266ViewModel.cs	ViewModels/GCSViews/ConfigurationView/ConfigHWESP8266ViewModel.cs	790f27096e73c247e8c1f1373a152019913672e9	MissionPlannerAvalonia->MissionPlanner
src/MissionPlannerAvalonia/ViewModels/GCSViews/ConfigurationView/ConfigHWIDViewModel.cs	ViewModels/GCSViews/ConfigurationView/ConfigHWIDViewModel.cs	0ee48c65f0ac2899d64a34135b18725d8e48134b	MissionPlannerAvalonia->MissionPlanner
src/MissionPlannerAvalonia/ViewModels/GCSViews/ConfigurationView/ConfigHWOSDViewModel.cs	ViewModels/GCSViews/ConfigurationView/ConfigHWOSDViewModel.cs	3a0642f5d23e75c286a131d48a03eeac0c4e4688	MissionPlannerAvalonia->MissionPlanner
src/MissionPlannerAvalonia/ViewModels/GCSViews/ConfigurationView/ConfigInitialParamsViewModel.cs	ViewModels/GCSViews/ConfigurationView/ConfigInitialParamsViewModel.cs	0c8ddcd94b9ee15ae8f5ec102c7abc0f73d3611c	MissionPlannerAvalonia->MissionPlanner
src/MissionPlannerAvalonia/ViewModels/GCSViews/ConfigurationView/ConfigJoystickViewModel.cs	ViewModels/GCSViews/ConfigurationView/ConfigJoystickViewModel.cs	c357b65a6478391cc115d4bd513fd2449460af48	MissionPlannerAvalonia->MissionPlanner
src/MissionPlannerAvalonia/ViewModels/GCSViews/ConfigurationView/ConfigMavCommandViewModel.cs	ViewModels/GCSViews/ConfigurationView/ConfigMavCommandViewModel.cs	ce7c01f9fb47792ac48cddd753aa0d6a4398e98e	MissionPlannerAvalonia->MissionPlanner
src/MissionPlannerAvalonia/ViewModels/GCSViews/ConfigurationView/ConfigMountViewModel.cs	ViewModels/GCSViews/ConfigurationView/ConfigMountViewModel.cs	c05165a973650b031f87d28a6379540638cad868	MissionPlannerAvalonia->MissionPlanner
src/MissionPlannerAvalonia/ViewModels/GCSViews/ConfigurationView/ConfigOSDViewModel.cs	ViewModels/GCSViews/ConfigurationView/ConfigOSDViewModel.cs	d3f0bbfce324632bbbd1831fb2678608f8200653	MissionPlannerAvalonia->MissionPlanner
src/MissionPlannerAvalonia/ViewModels/GCSViews/ConfigurationView/ConfigOnboardReplViewModel.cs	ViewModels/GCSViews/ConfigurationView/ConfigOnboardReplViewModel.cs	0e03b4ed124c2aa9cbd7665d357ce47066acc27b	MissionPlannerAvalonia->MissionPlanner
src/MissionPlannerAvalonia/ViewModels/GCSViews/ConfigurationView/ConfigOptFlowViewModel.cs	ViewModels/GCSViews/ConfigurationView/ConfigOptFlowViewModel.cs	c3ffdaf091d5ba4c330573fdc0ddcc3fa41dd228	MissionPlannerAvalonia->MissionPlanner
src/MissionPlannerAvalonia/ViewModels/GCSViews/ConfigurationView/ConfigPX4FlowViewModel.cs	ViewModels/GCSViews/ConfigurationView/ConfigPX4FlowViewModel.cs	78c80c328158abcb0b01537e3ae6ea73abf55338	MissionPlannerAvalonia->MissionPlanner
src/MissionPlannerAvalonia/ViewModels/GCSViews/ConfigurationView/ConfigParachuteViewModel.cs	ViewModels/GCSViews/ConfigurationView/ConfigParachuteViewModel.cs	6de47ca982a3d49b46671bcb4676a6a1b6812d1e	MissionPlannerAvalonia->MissionPlanner
src/MissionPlannerAvalonia/ViewModels/GCSViews/ConfigurationView/ConfigParamLoadingViewModel.cs	ViewModels/GCSViews/ConfigurationView/ConfigParamLoadingViewModel.cs	a0948efaba2fc9d8891da4380a2d758872e3c7d9	MissionPlannerAvalonia->MissionPlanner
src/MissionPlannerAvalonia/ViewModels/GCSViews/ConfigurationView/ConfigPlannerAdvViewModel.cs	ViewModels/GCSViews/ConfigurationView/ConfigPlannerAdvViewModel.cs	c305f12584bfa181c5a17481dbd00cae925bc3f1	MissionPlannerAvalonia->MissionPlanner
src/MissionPlannerAvalonia/ViewModels/GCSViews/ConfigurationView/ConfigPlannerViewModel.cs	ViewModels/GCSViews/ConfigurationView/ConfigPlannerViewModel.cs	34f36290e29fe66317d2e1992fabc3920453edbc	MissionPlannerAvalonia->MissionPlanner
src/MissionPlannerAvalonia/ViewModels/GCSViews/ConfigurationView/ConfigRadioInputViewModel.cs	ViewModels/GCSViews/ConfigurationView/ConfigRadioInputViewModel.cs	3b75f36843c56f29557123d074151332173802fe	MissionPlannerAvalonia->MissionPlanner
src/MissionPlannerAvalonia/ViewModels/GCSViews/ConfigurationView/ConfigRadioOutputViewModel.cs	ViewModels/GCSViews/ConfigurationView/ConfigRadioOutputViewModel.cs	b2d4b370e6b934a106e0afe49dd098e646cc4596	MissionPlannerAvalonia->MissionPlanner
src/MissionPlannerAvalonia/ViewModels/GCSViews/ConfigurationView/ConfigRangeFinderViewModel.cs	ViewModels/GCSViews/ConfigurationView/ConfigRangeFinderViewModel.cs	22bdbcb17adcc4f55da7eee025b42795317f25c3	MissionPlannerAvalonia->MissionPlanner
src/MissionPlannerAvalonia/ViewModels/GCSViews/ConfigurationView/ConfigScriptReplViewModel.cs	ViewModels/GCSViews/ConfigurationView/ConfigScriptReplViewModel.cs	6234aeae4141223b02b3e8b0ce957422b7debf5a	MissionPlannerAvalonia->MissionPlanner
src/MissionPlannerAvalonia/ViewModels/GCSViews/ConfigurationView/ConfigSecureApViewModel.cs	ViewModels/GCSViews/ConfigurationView/ConfigSecureApViewModel.cs	287aad2775d0eaf4ad6c4e63993df6376c48845b	MissionPlannerAvalonia->MissionPlanner
src/MissionPlannerAvalonia/ViewModels/GCSViews/ConfigurationView/ConfigSecureViewModel.cs	ViewModels/GCSViews/ConfigurationView/ConfigSecureViewModel.cs	ee21e26caa0630d74bab7c6ec0cfd1f8043c2fde	MissionPlannerAvalonia->MissionPlanner
src/MissionPlannerAvalonia/ViewModels/GCSViews/ConfigurationView/ConfigSerialViewModel.cs	ViewModels/GCSViews/ConfigurationView/ConfigSerialViewModel.cs	4f54515244cbe54eeee4ac5841d0647cbc96f43d	MissionPlannerAvalonia->MissionPlanner
src/MissionPlannerAvalonia/ViewModels/GCSViews/ConfigurationView/ConfigTerminalViewModel.cs	ViewModels/GCSViews/ConfigurationView/ConfigTerminalViewModel.cs	7003e7da2f5b00307a51534bb708813f5f4f941a	MissionPlannerAvalonia->MissionPlanner
src/MissionPlannerAvalonia/ViewModels/GCSViews/ConfigurationView/ConfigTradHeli4ViewModel.cs	ViewModels/GCSViews/ConfigurationView/ConfigTradHeli4ViewModel.cs	3d4fbeaa6984fe21d976d9a591485696d2bbd341	MissionPlannerAvalonia->MissionPlanner
src/MissionPlannerAvalonia/ViewModels/GCSViews/ConfigurationView/ConfigTradHeliViewModel.cs	ViewModels/GCSViews/ConfigurationView/ConfigTradHeliViewModel.cs	309f39a88483cd001025796ed423f3e46b274fd6	MissionPlannerAvalonia->MissionPlanner
src/MissionPlannerAvalonia/ViewModels/GCSViews/ConfigurationView/ConfigUserDefinedViewModel.cs	ViewModels/GCSViews/ConfigurationView/ConfigUserDefinedViewModel.cs	1ef5ba4d168374168711af5340021e3b2f6cbac2	MissionPlannerAvalonia->MissionPlanner
src/MissionPlannerAvalonia/ViewModels/GCSViews/ConfigurationView/DroneCanMulticastTransport.cs	ViewModels/GCSViews/ConfigurationView/DroneCanMulticastTransport.cs	c7b45286d459e88e191e779d0f6eb0b10965c324	MissionPlannerAvalonia->MissionPlanner
src/MissionPlannerAvalonia/ViewModels/GCSViews/ConfigurationView/MavFTPUIViewModel.cs	ViewModels/GCSViews/ConfigurationView/MavFTPUIViewModel.cs	d1c71b88361e0b03e0176ce9b3e5cd5669078581	MissionPlannerAvalonia->MissionPlanner
src/MissionPlannerAvalonia/ViewModels/GCSViews/ConfigurationView/ParamField.cs	ViewModels/GCSViews/ConfigurationView/ParamField.cs	b4d01fc6c86d679aa63bb0310569b0d14e115e54	MissionPlannerAvalonia->MissionPlanner
src/MissionPlannerAvalonia/ViewModels/GCSViews/ConfigurationView/ParamPageBase.cs	ViewModels/GCSViews/ConfigurationView/ParamPageBase.cs	09b2e5b517822fee1b4422980bf8a007b2d222c9	MissionPlannerAvalonia->MissionPlanner
src/MissionPlannerAvalonia/ViewModels/GCSViews/ConfigurationView/WarningManagerViewModel.cs	ViewModels/GCSViews/ConfigurationView/WarningManagerViewModel.cs	6e3092b9f8b34d6554fa0b928dfb12c8635eb0a1	MissionPlannerAvalonia->MissionPlanner
src/MissionPlannerAvalonia/ViewModels/GeoRefViewModel.cs	ViewModels/GeoRefViewModel.cs	bac0294fed379c5e62e5be0de992f6fe42372258	MissionPlannerAvalonia->MissionPlanner
src/MissionPlannerAvalonia/ViewModels/GridUIViewModel.cs	ViewModels/GridUIViewModel.cs	fbeb69896b06d6cb86315599ed9b10b4a6f822b0	MissionPlannerAvalonia->MissionPlanner
src/MissionPlannerAvalonia/ViewModels/HelpViewModel.cs	ViewModels/HelpViewModel.cs	5d61eabf23d7b8fc887ea5c6af504b3df9b10b81	MissionPlannerAvalonia->MissionPlanner
src/MissionPlannerAvalonia/ViewModels/IParameterComparisonRow.cs	ViewModels/IParameterComparisonRow.cs	a204f1a1d45027e8cb5c1bba9c8fc80c35b948e2	MissionPlannerAvalonia->MissionPlanner
src/MissionPlannerAvalonia/ViewModels/InfoPageViewModel.cs	ViewModels/InfoPageViewModel.cs	a8d10e431cc00850f7ece8ec262997a3579b2090	MissionPlannerAvalonia->MissionPlanner
src/MissionPlannerAvalonia/ViewModels/LinkStatsViewModel.cs	ViewModels/LinkStatsViewModel.cs	4ce0433a08706407502234a1eedb7746c3ee1564	MissionPlannerAvalonia->MissionPlanner
src/MissionPlannerAvalonia/ViewModels/LogBrowseViewModel.cs	ViewModels/LogBrowseViewModel.cs	e753809386d0ee756be43754228d11d245fd4c9a	MissionPlannerAvalonia->MissionPlanner
src/MissionPlannerAvalonia/ViewModels/LogDownloadViewModel.cs	ViewModels/LogDownloadViewModel.cs	7cdba3d885bd09748af31e6cb8f6cde4bc523f00	MissionPlannerAvalonia->MissionPlanner
src/MissionPlannerAvalonia/ViewModels/LogIndexViewModel.cs	ViewModels/LogIndexViewModel.cs	1ec2d2ea2e2da19480117433636344abbcc0ef84	MissionPlannerAvalonia->MissionPlanner
src/MissionPlannerAvalonia/ViewModels/MAVLinkInspectorViewModel.cs	ViewModels/MAVLinkInspectorViewModel.cs	f9c2973637f422ac5ff3ec4b18b53f20fc09bb7a	MissionPlannerAvalonia->MissionPlanner
src/MissionPlannerAvalonia/ViewModels/MainWindowViewModel.cs	ViewModels/MainWindowViewModel.cs	509db8833028dc991fe4fdd54a1afa341e220088	MissionPlannerAvalonia->MissionPlanner
src/MissionPlannerAvalonia/ViewModels/MapCacheViewModel.cs	ViewModels/MapCacheViewModel.cs	532dbd3005fccb36bb2d1035a8fd43d1e7d288b6	MissionPlannerAvalonia->MissionPlanner
src/MissionPlannerAvalonia/ViewModels/MavlinkLogConvertViewModel.cs	ViewModels/MavlinkLogConvertViewModel.cs	a98ee017f99a4f15e5d6f06b09c945a83340c78b	MissionPlannerAvalonia->MissionPlanner
src/MissionPlannerAvalonia/ViewModels/MavlinkSerialTcpBridgeViewModel.cs	ViewModels/MavlinkSerialTcpBridgeViewModel.cs	7a6c30caa6673735cc526cdd4a7594bed5fc72ab	MissionPlannerAvalonia->MissionPlanner
src/MissionPlannerAvalonia/ViewModels/MicrodroneDownlinkViewModel.cs	ViewModels/MicrodroneDownlinkViewModel.cs	2577996ff10e599a6a2f8fc9d4a1101c1ddc81af	MissionPlannerAvalonia->MissionPlanner
src/MissionPlannerAvalonia/ViewModels/MovingBaseViewModel.cs	ViewModels/MovingBaseViewModel.cs	37252a67d95507f71fa18787b19661d881d8e7af	MissionPlannerAvalonia->MissionPlanner
src/MissionPlannerAvalonia/ViewModels/OfflineMagFitViewModel.cs	ViewModels/OfflineMagFitViewModel.cs	0659d05382f509d35d9d31734fc419dfd9a2b787	MissionPlannerAvalonia->MissionPlanner
src/MissionPlannerAvalonia/ViewModels/OpenDroneIdViewModel.cs	ViewModels/OpenDroneIdViewModel.cs	693ea9238e5ebb454fd3a1024942be0c48e37c2b	MissionPlannerAvalonia->MissionPlanner
src/MissionPlannerAvalonia/ViewModels/OsdVideoOverlayViewModel.cs	ViewModels/OsdVideoOverlayViewModel.cs	9386a65c4bd2dbf7aea84524957df0b179225e5b	MissionPlannerAvalonia->MissionPlanner
src/MissionPlannerAvalonia/ViewModels/PluginManagerViewModel.cs	ViewModels/PluginManagerViewModel.cs	2c741dfe8dd7f5d9de02612a10444c2ada4c2565	MissionPlannerAvalonia->MissionPlanner
src/MissionPlannerAvalonia/ViewModels/RawParamsViewModel.cs	ViewModels/RawParamsViewModel.cs	d629e8176df4439c9b05e7faacaacbfb496aebab	MissionPlannerAvalonia->MissionPlanner
src/MissionPlannerAvalonia/ViewModels/SerialOutputCotViewModel.cs	ViewModels/SerialOutputCotViewModel.cs	d697f05c3da5c9317873626887cbfa706c8ba863	MissionPlannerAvalonia->MissionPlanner
src/MissionPlannerAvalonia/ViewModels/SerialOutputNMEAViewModel.cs	ViewModels/SerialOutputNMEAViewModel.cs	9b93838cb3d7dbb589cb45b719d13a1e63d26e1c	MissionPlannerAvalonia->MissionPlanner
src/MissionPlannerAvalonia/ViewModels/SerialPassThroughViewModel.cs	ViewModels/SerialPassThroughViewModel.cs	00dd24232647898d881225cd9c21ea9be7018444	MissionPlannerAvalonia->MissionPlanner
src/MissionPlannerAvalonia/ViewModels/Setup/InstallFirmwareViewModel.cs	ViewModels/Setup/InstallFirmwareViewModel.cs	62bdb4c8c449e6ecd3afa83c371a85f4f937f842	MissionPlannerAvalonia->MissionPlanner
src/MissionPlannerAvalonia/ViewModels/Setup/NvModemViewModel.cs	ViewModels/Setup/NvModemViewModel.cs	1af1c72cfb02f8fba47c9b1b0173c8c5f22a10f5	MissionPlannerAvalonia->MissionPlanner
src/MissionPlannerAvalonia/ViewModels/Setup/SetupActionPages.cs	ViewModels/Setup/SetupActionPages.cs	05d2df7f4761225b202a5f9474517780bacf12b6	MissionPlannerAvalonia->MissionPlanner
src/MissionPlannerAvalonia/ViewModels/SetupViewModel.cs	ViewModels/SetupViewModel.cs	eeff15d3f74a9bd2c86b9493a10fc0e367afa431	MissionPlannerAvalonia->MissionPlanner
src/MissionPlannerAvalonia/ViewModels/SftpLogDownloadViewModel.cs	ViewModels/SftpLogDownloadViewModel.cs	a911ce6c7685f60febfee0c5e00e500f6cf7c557	MissionPlannerAvalonia->MissionPlanner
src/MissionPlannerAvalonia/ViewModels/SimulationViewModel.cs	ViewModels/SimulationViewModel.cs	d8837de1cdaf1b250cc54fa3e995ef7e467b2971	MissionPlannerAvalonia->MissionPlanner
src/MissionPlannerAvalonia/ViewModels/SurveyMissionBuilder.cs	ViewModels/SurveyMissionBuilder.cs	f98a28ecd74f143d4a8535ea68926527af614f8a	MissionPlannerAvalonia->MissionPlanner
src/MissionPlannerAvalonia/ViewModels/SwarmFollowLeaderViewModel.cs	ViewModels/SwarmFollowLeaderViewModel.cs	d4bb3dd34610135a8b87875cc5a0a95ec7500edd	MissionPlannerAvalonia->MissionPlanner
src/MissionPlannerAvalonia/ViewModels/SwarmFollowPathViewModel.cs	ViewModels/SwarmFollowPathViewModel.cs	718b4f1ad9e270afe2a7ca0da8d5af4ad0ced4de	MissionPlannerAvalonia->MissionPlanner
src/MissionPlannerAvalonia/ViewModels/SwarmSequenceViewModel.cs	ViewModels/SwarmSequenceViewModel.cs	cb5bea59daf4ef44c74598045796d4ef436d439b	MissionPlannerAvalonia->MissionPlanner
src/MissionPlannerAvalonia/ViewModels/SwarmWaypointLeaderViewModel.cs	ViewModels/SwarmWaypointLeaderViewModel.cs	cd14b1de0d3a849197eca173d2d82284b90d95e7	MissionPlannerAvalonia->MissionPlanner
src/MissionPlannerAvalonia/ViewModels/Terrain3DViewModel.cs	ViewModels/Terrain3DViewModel.cs	45c3f0c0989f6a6a95b57b601724931076452f95	MissionPlannerAvalonia->MissionPlanner
src/MissionPlannerAvalonia/ViewModels/TerrainMakerViewModel.cs	ViewModels/TerrainMakerViewModel.cs	2f4d764bcc0b741de729de35a8e4c5257eb75173	MissionPlannerAvalonia->MissionPlanner
src/MissionPlannerAvalonia/ViewModels/TrackerHomeModuleViewModel.cs	ViewModels/TrackerHomeModuleViewModel.cs	c5c5b884f1559c7a7b55df5d3777fc8d943c3509	MissionPlannerAvalonia->MissionPlanner
src/MissionPlannerAvalonia/ViewModels/TranslationEditorViewModel.cs	ViewModels/TranslationEditorViewModel.cs	5c2679dcaa7029ff230dedaf3cde846526ec29e4	MissionPlannerAvalonia->MissionPlanner
src/MissionPlannerAvalonia/ViewModels/ViewModelBase.cs	ViewModels/ViewModelBase.cs	45aa6fb8908a9bea31ba32115fff2221f046d24a	MissionPlannerAvalonia->MissionPlanner
src/MissionPlannerAvalonia/Views/ActionPageView.axaml	Views/ActionPageView.axaml	8df28a6f8c82f658a60bfaf55d536fc19b71340e	MissionPlannerAvalonia->MissionPlanner
src/MissionPlannerAvalonia/Views/ActionPageView.axaml.cs	Views/ActionPageView.axaml.cs	88d62b97bf4e3e7a9c619eee2bcdc8d03f48bf66	MissionPlannerAvalonia->MissionPlanner
src/MissionPlannerAvalonia/Views/AntennaTrackerUIView.axaml	Views/AntennaTrackerUIView.axaml	c913094229552ffbe535296bbff5da354a2f28af	MissionPlannerAvalonia->MissionPlanner
src/MissionPlannerAvalonia/Views/AntennaTrackerUIView.axaml.cs	Views/AntennaTrackerUIView.axaml.cs	6840fae21097b1b205b54a900cc651745f542812	MissionPlannerAvalonia->MissionPlanner
src/MissionPlannerAvalonia/Views/AvaloniaOsdVideoFrameRenderer.cs	Views/AvaloniaOsdVideoFrameRenderer.cs	1560d4fc9b479baa86b21f44c7ee802994c95c09	MissionPlannerAvalonia->MissionPlanner
src/MissionPlannerAvalonia/Views/BackstageView.axaml	Views/BackstageView.axaml	ccce211fec8965a8d92b5fd228710185f618a532	MissionPlannerAvalonia->MissionPlanner
src/MissionPlannerAvalonia/Views/BackstageView.axaml.cs	Views/BackstageView.axaml.cs	b3b54e2dfac0b3ab23703ad097c95b59f2b80422	MissionPlannerAvalonia->MissionPlanner
src/MissionPlannerAvalonia/Views/ConfigFFTWindow.cs	Views/ConfigFFTWindow.cs	e2a50087ba780dd6345fa11a14d75dc850176194	MissionPlannerAvalonia->MissionPlanner
src/MissionPlannerAvalonia/Views/ConfigView.axaml	Views/ConfigView.axaml	6a4d0df4d9ceed1c8388e73b7cf4d971358d7a4c	MissionPlannerAvalonia->MissionPlanner
src/MissionPlannerAvalonia/Views/ConfigView.axaml.cs	Views/ConfigView.axaml.cs	64d9127209b7f366bcb5721acbb5de465388a471	MissionPlannerAvalonia->MissionPlanner
src/MissionPlannerAvalonia/Views/ConnectDialog.cs	Views/ConnectDialog.cs	e2b05e362cc0d43f68e26c9b51289bdcdf978585	MissionPlannerAvalonia->MissionPlanner
src/MissionPlannerAvalonia/Views/ConnectionOptionsWindow.axaml	Views/ConnectionOptionsWindow.axaml	5b696208862738ab3811669aa36162182c2e5432	MissionPlannerAvalonia->MissionPlanner
src/MissionPlannerAvalonia/Views/ConnectionOptionsWindow.axaml.cs	Views/ConnectionOptionsWindow.axaml.cs	aed15591171c0d1ff69e7d18c97b66a76a4e6b1a	MissionPlannerAvalonia->MissionPlanner
src/MissionPlannerAvalonia/Views/DeviceOperationsView.axaml	Views/DeviceOperationsView.axaml	b61ccf2a597c6430c31e9884ad154bb7e063f494	MissionPlannerAvalonia->MissionPlanner
src/MissionPlannerAvalonia/Views/DeviceOperationsView.axaml.cs	Views/DeviceOperationsView.axaml.cs	d1be6be0b56025514efd6625763517f78807b333	MissionPlannerAvalonia->MissionPlanner
src/MissionPlannerAvalonia/Views/DeviceOperationsWindow.cs	Views/DeviceOperationsWindow.cs	7ac225cd8fd937540bafa0546a763fac35693192	MissionPlannerAvalonia->MissionPlanner
src/MissionPlannerAvalonia/Views/DroneCANInspectorView.axaml	Views/DroneCANInspectorView.axaml	f279037d3e81e9448a282845a76137d56d7e1b56	MissionPlannerAvalonia->MissionPlanner
src/MissionPlannerAvalonia/Views/DroneCANInspectorView.axaml.cs	Views/DroneCANInspectorView.axaml.cs	0249a0765b7719462bf17a8bca1b5417adad364e	MissionPlannerAvalonia->MissionPlanner
src/MissionPlannerAvalonia/Views/DroneCANInspectorWindow.cs	Views/DroneCANInspectorWindow.cs	1a043d28c9c1f8afacaee295833dd4a382cea58e	MissionPlannerAvalonia->MissionPlanner
src/MissionPlannerAvalonia/Views/ElevationGraphWindow.cs	Views/ElevationGraphWindow.cs	a91d32030da5380144e0aac76019c904834de5bb	MissionPlannerAvalonia->MissionPlanner
src/MissionPlannerAvalonia/Views/FaceMapView.axaml	Views/FaceMapView.axaml	2edeabb9b47bdaee4793a82dc12d6130028ce1d4	MissionPlannerAvalonia->MissionPlanner
src/MissionPlannerAvalonia/Views/FaceMapView.axaml.cs	Views/FaceMapView.axaml.cs	ad893e2147240e2b92dcbf523b5cd7dd91fd5ee5	MissionPlannerAvalonia->MissionPlanner
src/MissionPlannerAvalonia/Views/FaceMapWindow.cs	Views/FaceMapWindow.cs	33dc05373fbdf0013e3d2b4740555ab0e4eb4b5d	MissionPlannerAvalonia->MissionPlanner
src/MissionPlannerAvalonia/Views/FlightDataDialogs.cs	Views/FlightDataDialogs.cs	a43e171af26505909c266aec9813feb60ff4258e	MissionPlannerAvalonia->MissionPlanner
src/MissionPlannerAvalonia/Views/FlightDataView.axaml	GCSViews/FlightDataView.axaml	7f4f53117be7eb3cbd6870cd548a5bc04ed1099f	MissionPlannerAvalonia->MissionPlanner
src/MissionPlannerAvalonia/Views/FlightDataView.axaml.cs	GCSViews/FlightDataView.axaml.cs	1b3d9884688eafa22efcf08dabd1e1f2bcd3818a	MissionPlannerAvalonia->MissionPlanner
src/MissionPlannerAvalonia/Views/FlightPlannerView.axaml	GCSViews/FlightPlannerView.axaml	a89648f02901e7f8f60b8e64591bf51efce3a9c7	MissionPlannerAvalonia->MissionPlanner
src/MissionPlannerAvalonia/Views/FlightPlannerView.axaml.cs	GCSViews/FlightPlannerView.axaml.cs	a7fa3c2d4cb9885b1327c65a24cfe3aeaa167f63	MissionPlannerAvalonia->MissionPlanner
src/MissionPlannerAvalonia/Views/FollowMeView.axaml	Views/FollowMeView.axaml	9fd962443f04e9fda1628c69f608e59775414ce6	MissionPlannerAvalonia->MissionPlanner
src/MissionPlannerAvalonia/Views/FollowMeView.axaml.cs	Views/FollowMeView.axaml.cs	1ab235961fb08ca7f1968c04bf205dabcaa74340	MissionPlannerAvalonia->MissionPlanner
src/MissionPlannerAvalonia/Views/FollowMeWindow.cs	Views/FollowMeWindow.cs	c05fe7b2ea144636fc9d38292a4cd3a9b31132ac	MissionPlannerAvalonia->MissionPlanner
src/MissionPlannerAvalonia/Views/FormationControlWindow.axaml	Views/FormationControlWindow.axaml	38621ed193fbd08cef12780bb564a243f5df2956	MissionPlannerAvalonia->MissionPlanner
src/MissionPlannerAvalonia/Views/FormationControlWindow.axaml.cs	Views/FormationControlWindow.axaml.cs	52ab4f14bfabd2b3cd19ba4610afadbaeecef770	MissionPlannerAvalonia->MissionPlanner
src/MissionPlannerAvalonia/Views/GCSViews/ConfigurationView/ConfigAC_FenceView.axaml	GCSViews/ConfigurationView/ConfigAC_FenceView.axaml	a61bf0704c64d8c2c1d2a52fb285a6e73a146369	MissionPlannerAvalonia->MissionPlanner
src/MissionPlannerAvalonia/Views/GCSViews/ConfigurationView/ConfigAC_FenceView.axaml.cs	GCSViews/ConfigurationView/ConfigAC_FenceView.axaml.cs	05d5b7534206b0c31fd0e39738eeefe0ece31369	MissionPlannerAvalonia->MissionPlanner
src/MissionPlannerAvalonia/Views/GCSViews/ConfigurationView/ConfigADSBView.axaml	GCSViews/ConfigurationView/ConfigADSBView.axaml	5085db5acbd40aa36fea4b12a9679262c86eded3	MissionPlannerAvalonia->MissionPlanner
src/MissionPlannerAvalonia/Views/GCSViews/ConfigurationView/ConfigADSBView.axaml.cs	GCSViews/ConfigurationView/ConfigADSBView.axaml.cs	4ee79125b24764d70a207c78df69e967ccec4bad	MissionPlannerAvalonia->MissionPlanner
src/MissionPlannerAvalonia/Views/GCSViews/ConfigurationView/ConfigAccelCalibrationView.axaml	GCSViews/ConfigurationView/ConfigAccelCalibrationView.axaml	690162a18ba24f7d92cfd274ffccd10f32d7f76e	MissionPlannerAvalonia->MissionPlanner
src/MissionPlannerAvalonia/Views/GCSViews/ConfigurationView/ConfigAccelCalibrationView.axaml.cs	GCSViews/ConfigurationView/ConfigAccelCalibrationView.axaml.cs	8c011f67987e4429b7b9043dfa37b8deebdebade	MissionPlannerAvalonia->MissionPlanner
src/MissionPlannerAvalonia/Views/GCSViews/ConfigurationView/ConfigAirspeedView.axaml	GCSViews/ConfigurationView/ConfigAirspeedView.axaml	c5806db473946255c75332c3c024f5417ed35cfd	MissionPlannerAvalonia->MissionPlanner
src/MissionPlannerAvalonia/Views/GCSViews/ConfigurationView/ConfigAirspeedView.axaml.cs	GCSViews/ConfigurationView/ConfigAirspeedView.axaml.cs	dfc04275735cf5e46520a991591297d3819bf9af	MissionPlannerAvalonia->MissionPlanner
src/MissionPlannerAvalonia/Views/GCSViews/ConfigurationView/ConfigAntennaTrackerParamView.axaml	GCSViews/ConfigurationView/ConfigAntennaTrackerParamView.axaml	3be43c7431998ee1b65af905418e4ffafc561424	MissionPlannerAvalonia->MissionPlanner
src/MissionPlannerAvalonia/Views/GCSViews/ConfigurationView/ConfigAntennaTrackerParamView.axaml.cs	GCSViews/ConfigurationView/ConfigAntennaTrackerParamView.axaml.cs	3ac49c7618199d018426111724046961654616aa	MissionPlannerAvalonia->MissionPlanner
src/MissionPlannerAvalonia/Views/GCSViews/ConfigurationView/ConfigAntennaTrackerView.axaml	GCSViews/ConfigurationView/ConfigAntennaTrackerView.axaml	f1d1b5b42ead8fa9c64b15e65b9251687e0dc9c7	MissionPlannerAvalonia->MissionPlanner
src/MissionPlannerAvalonia/Views/GCSViews/ConfigurationView/ConfigAntennaTrackerView.axaml.cs	GCSViews/ConfigurationView/ConfigAntennaTrackerView.axaml.cs	144aab3f7f16ca33295a2c42a6186ffbff0ebe1c	MissionPlannerAvalonia->MissionPlanner
src/MissionPlannerAvalonia/Views/GCSViews/ConfigurationView/ConfigArduplaneView.axaml	GCSViews/ConfigurationView/ConfigArduplaneView.axaml	56957bcd1decdeebd4fd533d5bac3f062a7c9309	MissionPlannerAvalonia->MissionPlanner
src/MissionPlannerAvalonia/Views/GCSViews/ConfigurationView/ConfigArduplaneView.axaml.cs	GCSViews/ConfigurationView/ConfigArduplaneView.axaml.cs	6d4850561f02111de1d19b2915a6e3df3c107668	MissionPlannerAvalonia->MissionPlanner
src/MissionPlannerAvalonia/Views/GCSViews/ConfigurationView/ConfigArduroverView.axaml	GCSViews/ConfigurationView/ConfigArduroverView.axaml	c8c1ca11063ceea814dbee8b5d836c197579d5a9	MissionPlannerAvalonia->MissionPlanner
src/MissionPlannerAvalonia/Views/GCSViews/ConfigurationView/ConfigArduroverView.axaml.cs	GCSViews/ConfigurationView/ConfigArduroverView.axaml.cs	1bd058a09c8c6b8a05c3686087c7d2d436798c36	MissionPlannerAvalonia->MissionPlanner
src/MissionPlannerAvalonia/Views/GCSViews/ConfigurationView/ConfigBasicTuningView.axaml	GCSViews/ConfigurationView/ConfigBasicTuningView.axaml	66eb279a0ff2f973f0b9b4cadf94607b9ccdd356	MissionPlannerAvalonia->MissionPlanner
src/MissionPlannerAvalonia/Views/GCSViews/ConfigurationView/ConfigBasicTuningView.axaml.cs	GCSViews/ConfigurationView/ConfigBasicTuningView.axaml.cs	94da50f19beff8c6682732e8b78c6f538b116623	MissionPlannerAvalonia->MissionPlanner
src/MissionPlannerAvalonia/Views/GCSViews/ConfigurationView/ConfigBatteryMonitoring2View.axaml	GCSViews/ConfigurationView/ConfigBatteryMonitoring2View.axaml	3e855491349894f8b75c31c7bbe5b5c73534f1f5	MissionPlannerAvalonia->MissionPlanner
src/MissionPlannerAvalonia/Views/GCSViews/ConfigurationView/ConfigBatteryMonitoring2View.axaml.cs	GCSViews/ConfigurationView/ConfigBatteryMonitoring2View.axaml.cs	b74b6562da65c538d3cd129e659403931f8a2b84	MissionPlannerAvalonia->MissionPlanner
src/MissionPlannerAvalonia/Views/GCSViews/ConfigurationView/ConfigBatteryMonitoringView.axaml	GCSViews/ConfigurationView/ConfigBatteryMonitoringView.axaml	35131f262fee84ab589a9dd339c2d087150442ca	MissionPlannerAvalonia->MissionPlanner
src/MissionPlannerAvalonia/Views/GCSViews/ConfigurationView/ConfigBatteryMonitoringView.axaml.cs	GCSViews/ConfigurationView/ConfigBatteryMonitoringView.axaml.cs	1cdbfb1847d4c3d9f9cb3cbcc44fa193b5d2b33c	MissionPlannerAvalonia->MissionPlanner
src/MissionPlannerAvalonia/Views/GCSViews/ConfigurationView/ConfigCompassLegacyView.axaml	GCSViews/ConfigurationView/ConfigCompassLegacyView.axaml	2648a341a236999c1187c6f1636f15bababfb6dd	MissionPlannerAvalonia->MissionPlanner
src/MissionPlannerAvalonia/Views/GCSViews/ConfigurationView/ConfigCompassLegacyView.axaml.cs	GCSViews/ConfigurationView/ConfigCompassLegacyView.axaml.cs	a0ceabdb88bf6404059bb01520179077ba16648b	MissionPlannerAvalonia->MissionPlanner
src/MissionPlannerAvalonia/Views/GCSViews/ConfigurationView/ConfigCompassMotView.axaml	GCSViews/ConfigurationView/ConfigCompassMotView.axaml	dfa68003d053e9a5320fc9b2303c1e3953910f1f	MissionPlannerAvalonia->MissionPlanner
src/MissionPlannerAvalonia/Views/GCSViews/ConfigurationView/ConfigCompassMotView.axaml.cs	GCSViews/ConfigurationView/ConfigCompassMotView.axaml.cs	34c18ae1bed0b71b8e566377f9f05115ef515bff	MissionPlannerAvalonia->MissionPlanner
src/MissionPlannerAvalonia/Views/GCSViews/ConfigurationView/ConfigCompassView.axaml	GCSViews/ConfigurationView/ConfigCompassView.axaml	70e2e8bc8755830053551f2829ac372bbbc7b347	MissionPlannerAvalonia->MissionPlanner
src/MissionPlannerAvalonia/Views/GCSViews/ConfigurationView/ConfigCompassView.axaml.cs	GCSViews/ConfigurationView/ConfigCompassView.axaml.cs	87555cabadfc3994a8ab66c2f9ab5f6114ea63cb	MissionPlannerAvalonia->MissionPlanner
src/MissionPlannerAvalonia/Views/GCSViews/ConfigurationView/ConfigCubeIDView.axaml	GCSViews/ConfigurationView/ConfigCubeIDView.axaml	d7219c4bf030a0279574ace9e29a4690cf9ea21d	MissionPlannerAvalonia->MissionPlanner
src/MissionPlannerAvalonia/Views/GCSViews/ConfigurationView/ConfigCubeIDView.axaml.cs	GCSViews/ConfigurationView/ConfigCubeIDView.axaml.cs	31b33e16ceb015b35ede71a16594f5cd6283b99e	MissionPlannerAvalonia->MissionPlanner
src/MissionPlannerAvalonia/Views/GCSViews/ConfigurationView/ConfigDefaultSettingsView.axaml	GCSViews/ConfigurationView/ConfigDefaultSettingsView.axaml	1bdf1a04e791ae10ec25f4de1ec2fb2028ac851b	MissionPlannerAvalonia->MissionPlanner
src/MissionPlannerAvalonia/Views/GCSViews/ConfigurationView/ConfigDefaultSettingsView.axaml.cs	GCSViews/ConfigurationView/ConfigDefaultSettingsView.axaml.cs	e1aee1dd1f7effda1a9380298c4b25ddf48aaa70	MissionPlannerAvalonia->MissionPlanner
src/MissionPlannerAvalonia/Views/GCSViews/ConfigurationView/ConfigDroneCanView.axaml	GCSViews/ConfigurationView/ConfigDroneCanView.axaml	322d9a77dfd2382b207c7b383502f0f193502421	MissionPlannerAvalonia->MissionPlanner
src/MissionPlannerAvalonia/Views/GCSViews/ConfigurationView/ConfigDroneCanView.axaml.cs	GCSViews/ConfigurationView/ConfigDroneCanView.axaml.cs	48c33682fca5ad6913e95804034729f3d8017100	MissionPlannerAvalonia->MissionPlanner
src/MissionPlannerAvalonia/Views/GCSViews/ConfigurationView/ConfigESCCalibrationView.axaml	GCSViews/ConfigurationView/ConfigESCCalibrationView.axaml	eca3f0795a8b46865303bf69576eaa1758e79819	MissionPlannerAvalonia->MissionPlanner
src/MissionPlannerAvalonia/Views/GCSViews/ConfigurationView/ConfigESCCalibrationView.axaml.cs	GCSViews/ConfigurationView/ConfigESCCalibrationView.axaml.cs	7bbd68baedf68d09f499162a2d2ec4bef3de4c92	MissionPlannerAvalonia->MissionPlanner
src/MissionPlannerAvalonia/Views/GCSViews/ConfigurationView/ConfigElevationSourcesView.axaml	GCSViews/ConfigurationView/ConfigElevationSourcesView.axaml	14e7659cf42496def6ff2324a71330f6c2ff19e0	MissionPlannerAvalonia->MissionPlanner
src/MissionPlannerAvalonia/Views/GCSViews/ConfigurationView/ConfigElevationSourcesView.axaml.cs	GCSViews/ConfigurationView/ConfigElevationSourcesView.axaml.cs	ce904565bba40d8b25a0507629890edd6f512a82	MissionPlannerAvalonia->MissionPlanner
src/MissionPlannerAvalonia/Views/GCSViews/ConfigurationView/ConfigExtendedTuningView.axaml	GCSViews/ConfigurationView/ConfigExtendedTuningView.axaml	194c69bc957d240faa655463111b9ede65a33552	MissionPlannerAvalonia->MissionPlanner
src/MissionPlannerAvalonia/Views/GCSViews/ConfigurationView/ConfigExtendedTuningView.axaml.cs	GCSViews/ConfigurationView/ConfigExtendedTuningView.axaml.cs	18654d25fd0d0e57732a3635c50c35ec89205b83	MissionPlannerAvalonia->MissionPlanner
src/MissionPlannerAvalonia/Views/GCSViews/ConfigurationView/ConfigFFTView.axaml	GCSViews/ConfigurationView/ConfigFFTView.axaml	25e8296ad16b3c15631e89b2462ad067c1a6ecda	MissionPlannerAvalonia->MissionPlanner
src/MissionPlannerAvalonia/Views/GCSViews/ConfigurationView/ConfigFFTView.axaml.cs	GCSViews/ConfigurationView/ConfigFFTView.axaml.cs	47ae19a3f8121522372803b84b55549707e52578	MissionPlannerAvalonia->MissionPlanner
src/MissionPlannerAvalonia/Views/GCSViews/ConfigurationView/ConfigFailSafeView.axaml	GCSViews/ConfigurationView/ConfigFailSafeView.axaml	c4d537388f0560c67d22adebd142439ae3eabcf3	MissionPlannerAvalonia->MissionPlanner
src/MissionPlannerAvalonia/Views/GCSViews/ConfigurationView/ConfigFailSafeView.axaml.cs	GCSViews/ConfigurationView/ConfigFailSafeView.axaml.cs	7a82c74bf07d89a09f194225bc3acfb0518e1bbd	MissionPlannerAvalonia->MissionPlanner
src/MissionPlannerAvalonia/Views/GCSViews/ConfigurationView/ConfigFirmwareLegacyView.axaml	GCSViews/ConfigurationView/ConfigFirmwareLegacyView.axaml	4f6b0b41b33983ba941813f5fb2c0c1ec60f4a55	MissionPlannerAvalonia->MissionPlanner
src/MissionPlannerAvalonia/Views/GCSViews/ConfigurationView/ConfigFirmwareLegacyView.axaml.cs	GCSViews/ConfigurationView/ConfigFirmwareLegacyView.axaml.cs	3fbcd67f9a1d1e822bb8a15b0e34d4df13cc47b6	MissionPlannerAvalonia->MissionPlanner
src/MissionPlannerAvalonia/Views/GCSViews/ConfigurationView/ConfigFlightModesView.axaml	GCSViews/ConfigurationView/ConfigFlightModesView.axaml	12da9cedf2a7c14222d44400eb87c536751c08d3	MissionPlannerAvalonia->MissionPlanner
src/MissionPlannerAvalonia/Views/GCSViews/ConfigurationView/ConfigFlightModesView.axaml.cs	GCSViews/ConfigurationView/ConfigFlightModesView.axaml.cs	d66ae8771616cfc26d395093aa54dbbf7c36c064	MissionPlannerAvalonia->MissionPlanner
src/MissionPlannerAvalonia/Views/GCSViews/ConfigurationView/ConfigFrameClassTypeView.axaml	GCSViews/ConfigurationView/ConfigFrameClassTypeView.axaml	359d0b3e15e9c1a747360fbd471ccbd0ae9c1b99	MissionPlannerAvalonia->MissionPlanner
src/MissionPlannerAvalonia/Views/GCSViews/ConfigurationView/ConfigFrameClassTypeView.axaml.cs	GCSViews/ConfigurationView/ConfigFrameClassTypeView.axaml.cs	baa7b40ea642d3d87f965a6142e3ef2ffaae1762	MissionPlannerAvalonia->MissionPlanner
src/MissionPlannerAvalonia/Views/GCSViews/ConfigurationView/ConfigFrameTypeView.axaml	GCSViews/ConfigurationView/ConfigFrameTypeView.axaml	f231845f11e4da2e0983787d3308281f9fb648fc	MissionPlannerAvalonia->MissionPlanner
src/MissionPlannerAvalonia/Views/GCSViews/ConfigurationView/ConfigFrameTypeView.axaml.cs	GCSViews/ConfigurationView/ConfigFrameTypeView.axaml.cs	65994110541f5877d46df40545f909845578c632	MissionPlannerAvalonia->MissionPlanner
src/MissionPlannerAvalonia/Views/GCSViews/ConfigurationView/ConfigFriendlyParamsView.axaml	GCSViews/ConfigurationView/ConfigFriendlyParamsView.axaml	e64eb195d1ffc43b9f88d5163e5d99bb43014608	MissionPlannerAvalonia->MissionPlanner
src/MissionPlannerAvalonia/Views/GCSViews/ConfigurationView/ConfigFriendlyParamsView.axaml.cs	GCSViews/ConfigurationView/ConfigFriendlyParamsView.axaml.cs	49ca6cd3dd04e852c18a009a3f03fe4164810152	MissionPlannerAvalonia->MissionPlanner
src/MissionPlannerAvalonia/Views/GCSViews/ConfigurationView/ConfigGPSOrderView.axaml	GCSViews/ConfigurationView/ConfigGPSOrderView.axaml	8033f4e1b2c9b8cf74f75d4dc840010f4165e537	MissionPlannerAvalonia->MissionPlanner
src/MissionPlannerAvalonia/Views/GCSViews/ConfigurationView/ConfigGPSOrderView.axaml.cs	GCSViews/ConfigurationView/ConfigGPSOrderView.axaml.cs	900c679c47e52bc2c3505bd15b7fbd729697c9e1	MissionPlannerAvalonia->MissionPlanner
src/MissionPlannerAvalonia/Views/GCSViews/ConfigurationView/ConfigGpsInjectView.axaml	GCSViews/ConfigurationView/ConfigGpsInjectView.axaml	13b32e9b151753b38116e10e06d402d67106edcd	MissionPlannerAvalonia->MissionPlanner
src/MissionPlannerAvalonia/Views/GCSViews/ConfigurationView/ConfigGpsInjectView.axaml.cs	GCSViews/ConfigurationView/ConfigGpsInjectView.axaml.cs	21e4dc91b3fc5ce053a6ce09012c73bb560749b9	MissionPlannerAvalonia->MissionPlanner
src/MissionPlannerAvalonia/Views/GCSViews/ConfigurationView/ConfigHWBTView.axaml	GCSViews/ConfigurationView/ConfigHWBTView.axaml	76187def549e412ebac67f8560cded1f0630122d	MissionPlannerAvalonia->MissionPlanner
src/MissionPlannerAvalonia/Views/GCSViews/ConfigurationView/ConfigHWBTView.axaml.cs	GCSViews/ConfigurationView/ConfigHWBTView.axaml.cs	7d20688a9ba797bbeade3a6d315cd50251bb2459	MissionPlannerAvalonia->MissionPlanner
src/MissionPlannerAvalonia/Views/GCSViews/ConfigurationView/ConfigHWCANView.axaml	GCSViews/ConfigurationView/ConfigHWCANView.axaml	4716b480303bcf6285021fdb28ffc5f2c6665200	MissionPlannerAvalonia->MissionPlanner
src/MissionPlannerAvalonia/Views/GCSViews/ConfigurationView/ConfigHWCANView.axaml.cs	GCSViews/ConfigurationView/ConfigHWCANView.axaml.cs	7dfe27255e9bd25c4ef1f827a7fb9b3251bc9f66	MissionPlannerAvalonia->MissionPlanner
src/MissionPlannerAvalonia/Views/GCSViews/ConfigurationView/ConfigHWESP8266View.axaml	GCSViews/ConfigurationView/ConfigHWESP8266View.axaml	3727abda822e88208fb463049b45cad19cd2311d	MissionPlannerAvalonia->MissionPlanner
src/MissionPlannerAvalonia/Views/GCSViews/ConfigurationView/ConfigHWESP8266View.axaml.cs	GCSViews/ConfigurationView/ConfigHWESP8266View.axaml.cs	42436f95ac166e0ab5cb3b7ed5582121f5e53b12	MissionPlannerAvalonia->MissionPlanner
src/MissionPlannerAvalonia/Views/GCSViews/ConfigurationView/ConfigHWIDView.axaml	GCSViews/ConfigurationView/ConfigHWIDView.axaml	5542f8000910e32b66d050e5c6a64b2ad094ac23	MissionPlannerAvalonia->MissionPlanner
src/MissionPlannerAvalonia/Views/GCSViews/ConfigurationView/ConfigHWIDView.axaml.cs	GCSViews/ConfigurationView/ConfigHWIDView.axaml.cs	7800360f1174ac60e544fd8fa81e259dff3c1bcb	MissionPlannerAvalonia->MissionPlanner
src/MissionPlannerAvalonia/Views/GCSViews/ConfigurationView/ConfigHWOSDView.axaml	GCSViews/ConfigurationView/ConfigHWOSDView.axaml	230ecc6ec97755122afa74b36c86711d667dc85f	MissionPlannerAvalonia->MissionPlanner
src/MissionPlannerAvalonia/Views/GCSViews/ConfigurationView/ConfigHWOSDView.axaml.cs	GCSViews/ConfigurationView/ConfigHWOSDView.axaml.cs	bb3b9a997c0be64dd26db8548433a543cc8589df	MissionPlannerAvalonia->MissionPlanner
src/MissionPlannerAvalonia/Views/GCSViews/ConfigurationView/ConfigInitialParamsView.axaml	GCSViews/ConfigurationView/ConfigInitialParamsView.axaml	398fb441a8ba419045f270fba5926574e29fa004	MissionPlannerAvalonia->MissionPlanner
src/MissionPlannerAvalonia/Views/GCSViews/ConfigurationView/ConfigInitialParamsView.axaml.cs	GCSViews/ConfigurationView/ConfigInitialParamsView.axaml.cs	71d9208492dad152c89dfff9ae67cfd78a40ee1e	MissionPlannerAvalonia->MissionPlanner
src/MissionPlannerAvalonia/Views/GCSViews/ConfigurationView/ConfigJoystickView.axaml	GCSViews/ConfigurationView/ConfigJoystickView.axaml	a659f384ed83f6710ffcd29b9c62cb75c92980ae	MissionPlannerAvalonia->MissionPlanner
src/MissionPlannerAvalonia/Views/GCSViews/ConfigurationView/ConfigJoystickView.axaml.cs	GCSViews/ConfigurationView/ConfigJoystickView.axaml.cs	d9ff86a413371ea962d7fb2691254b66101de7ad	MissionPlannerAvalonia->MissionPlanner
src/MissionPlannerAvalonia/Views/GCSViews/ConfigurationView/ConfigMavCommandView.axaml	GCSViews/ConfigurationView/ConfigMavCommandView.axaml	c0035feb3eb8a878292ea68df28dddc02c87ea95	MissionPlannerAvalonia->MissionPlanner
src/MissionPlannerAvalonia/Views/GCSViews/ConfigurationView/ConfigMavCommandView.axaml.cs	GCSViews/ConfigurationView/ConfigMavCommandView.axaml.cs	bdb91d55183829907e3c2791d0f7c30d87e0f70e	MissionPlannerAvalonia->MissionPlanner
src/MissionPlannerAvalonia/Views/GCSViews/ConfigurationView/ConfigMotorTestView.axaml	GCSViews/ConfigurationView/ConfigMotorTestView.axaml	0b93c1d09fe2f680e37b43a7f555cc7f1866c26c	MissionPlannerAvalonia->MissionPlanner
src/MissionPlannerAvalonia/Views/GCSViews/ConfigurationView/ConfigMotorTestView.axaml.cs	GCSViews/ConfigurationView/ConfigMotorTestView.axaml.cs	5084468a99f83fd1f74e35541f42deb5fcaf1c13	MissionPlannerAvalonia->MissionPlanner
src/MissionPlannerAvalonia/Views/GCSViews/ConfigurationView/ConfigMountView.axaml	GCSViews/ConfigurationView/ConfigMountView.axaml	65b3398f23c593a10eddab24de378a6e6314d30b	MissionPlannerAvalonia->MissionPlanner
src/MissionPlannerAvalonia/Views/GCSViews/ConfigurationView/ConfigMountView.axaml.cs	GCSViews/ConfigurationView/ConfigMountView.axaml.cs	748b851d70ff5b5cac3a727f02282728045a96a7	MissionPlannerAvalonia->MissionPlanner
src/MissionPlannerAvalonia/Views/GCSViews/ConfigurationView/ConfigOSDView.axaml	GCSViews/ConfigurationView/ConfigOSDView.axaml	f07bde1c8548e3fd1fc4c0b3c10f304454584ac5	MissionPlannerAvalonia->MissionPlanner
src/MissionPlannerAvalonia/Views/GCSViews/ConfigurationView/ConfigOSDView.axaml.cs	GCSViews/ConfigurationView/ConfigOSDView.axaml.cs	c59567a458ed27edf10340d7862646eee1eafc39	MissionPlannerAvalonia->MissionPlanner
src/MissionPlannerAvalonia/Views/GCSViews/ConfigurationView/ConfigOnboardReplView.axaml	GCSViews/ConfigurationView/ConfigOnboardReplView.axaml	c67e0d22b0a5a4080e273de3eb53a9ca1c7df241	MissionPlannerAvalonia->MissionPlanner
src/MissionPlannerAvalonia/Views/GCSViews/ConfigurationView/ConfigOnboardReplView.axaml.cs	GCSViews/ConfigurationView/ConfigOnboardReplView.axaml.cs	a43f51f7737d71a30ff1263abd7cc43781f2a061	MissionPlannerAvalonia->MissionPlanner
src/MissionPlannerAvalonia/Views/GCSViews/ConfigurationView/ConfigOptFlowView.axaml	GCSViews/ConfigurationView/ConfigOptFlowView.axaml	032aafb030c2303f74df47c330436cbdb614b27d	MissionPlannerAvalonia->MissionPlanner
src/MissionPlannerAvalonia/Views/GCSViews/ConfigurationView/ConfigOptFlowView.axaml.cs	GCSViews/ConfigurationView/ConfigOptFlowView.axaml.cs	903bb2660ce251e463b227de7efe85956f1a3135	MissionPlannerAvalonia->MissionPlanner
src/MissionPlannerAvalonia/Views/GCSViews/ConfigurationView/ConfigPX4FlowView.axaml	GCSViews/ConfigurationView/ConfigPX4FlowView.axaml	08e738b78d26e081c49b4e1d3c783e1b0cb0433e	MissionPlannerAvalonia->MissionPlanner
src/MissionPlannerAvalonia/Views/GCSViews/ConfigurationView/ConfigPX4FlowView.axaml.cs	GCSViews/ConfigurationView/ConfigPX4FlowView.axaml.cs	e383bcd3c189f52ade506db1e86feb4b5782187b	MissionPlannerAvalonia->MissionPlanner
src/MissionPlannerAvalonia/Views/GCSViews/ConfigurationView/ConfigParachuteView.axaml	GCSViews/ConfigurationView/ConfigParachuteView.axaml	79e4d7b3219871d22251869efbaad0afddfcecd5	MissionPlannerAvalonia->MissionPlanner
src/MissionPlannerAvalonia/Views/GCSViews/ConfigurationView/ConfigParachuteView.axaml.cs	GCSViews/ConfigurationView/ConfigParachuteView.axaml.cs	261901f92dfa8dc5fdecd8de0345d6501273672e	MissionPlannerAvalonia->MissionPlanner
src/MissionPlannerAvalonia/Views/GCSViews/ConfigurationView/ConfigParamLoadingView.axaml	GCSViews/ConfigurationView/ConfigParamLoadingView.axaml	1b0e8a4bbc909aa3257bd6606daa01f26c545b5a	MissionPlannerAvalonia->MissionPlanner
src/MissionPlannerAvalonia/Views/GCSViews/ConfigurationView/ConfigParamLoadingView.axaml.cs	GCSViews/ConfigurationView/ConfigParamLoadingView.axaml.cs	58d6f34d5c400005ecc0f40763b4058c9b350c17	MissionPlannerAvalonia->MissionPlanner
src/MissionPlannerAvalonia/Views/GCSViews/ConfigurationView/ConfigPlannerAdvView.axaml	GCSViews/ConfigurationView/ConfigPlannerAdvView.axaml	b567fa43b853f28f4bb5c2bb6ab7bd3c3a26d75e	MissionPlannerAvalonia->MissionPlanner
src/MissionPlannerAvalonia/Views/GCSViews/ConfigurationView/ConfigPlannerAdvView.axaml.cs	GCSViews/ConfigurationView/ConfigPlannerAdvView.axaml.cs	c3ca3c1e869a5f2cd9db5e40ead55c5c28d283ab	MissionPlannerAvalonia->MissionPlanner
src/MissionPlannerAvalonia/Views/GCSViews/ConfigurationView/ConfigPlannerView.axaml	GCSViews/ConfigurationView/ConfigPlannerView.axaml	6535db98945b4814d15139a8314254b21da4611b	MissionPlannerAvalonia->MissionPlanner
src/MissionPlannerAvalonia/Views/GCSViews/ConfigurationView/ConfigPlannerView.axaml.cs	GCSViews/ConfigurationView/ConfigPlannerView.axaml.cs	42d2ab921b3a821962e9d9cf2c4181c5b93c809d	MissionPlannerAvalonia->MissionPlanner
src/MissionPlannerAvalonia/Views/GCSViews/ConfigurationView/ConfigRadioInputView.axaml	GCSViews/ConfigurationView/ConfigRadioInputView.axaml	8af37728c2948d249fa2af017d2568472e074adb	MissionPlannerAvalonia->MissionPlanner
src/MissionPlannerAvalonia/Views/GCSViews/ConfigurationView/ConfigRadioInputView.axaml.cs	GCSViews/ConfigurationView/ConfigRadioInputView.axaml.cs	e1ddffec98ee9b5f3fc3c3816ee98c754e965608	MissionPlannerAvalonia->MissionPlanner
src/MissionPlannerAvalonia/Views/GCSViews/ConfigurationView/ConfigRadioOutputView.axaml	GCSViews/ConfigurationView/ConfigRadioOutputView.axaml	80c188c6ee588e9f9ffc904b23674bfeaa0b5a79	MissionPlannerAvalonia->MissionPlanner
src/MissionPlannerAvalonia/Views/GCSViews/ConfigurationView/ConfigRadioOutputView.axaml.cs	GCSViews/ConfigurationView/ConfigRadioOutputView.axaml.cs	253cbd0a0277d06e2249280b76df61de778f0249	MissionPlannerAvalonia->MissionPlanner
src/MissionPlannerAvalonia/Views/GCSViews/ConfigurationView/ConfigRangeFinderView.axaml	GCSViews/ConfigurationView/ConfigRangeFinderView.axaml	71abe7fe69d8d828511ba40ae1e2f25683422878	MissionPlannerAvalonia->MissionPlanner
src/MissionPlannerAvalonia/Views/GCSViews/ConfigurationView/ConfigRangeFinderView.axaml.cs	GCSViews/ConfigurationView/ConfigRangeFinderView.axaml.cs	67d696c11f17fe708620a833f29c8c522cc996be	MissionPlannerAvalonia->MissionPlanner
src/MissionPlannerAvalonia/Views/GCSViews/ConfigurationView/ConfigScriptReplView.axaml	GCSViews/ConfigurationView/ConfigScriptReplView.axaml	7ff208b24ecf7f06bd9b9ccb6127b3514bd4141d	MissionPlannerAvalonia->MissionPlanner
src/MissionPlannerAvalonia/Views/GCSViews/ConfigurationView/ConfigScriptReplView.axaml.cs	GCSViews/ConfigurationView/ConfigScriptReplView.axaml.cs	c608c9135794e33ec6c0a03be488f8d76de96d73	MissionPlannerAvalonia->MissionPlanner
src/MissionPlannerAvalonia/Views/GCSViews/ConfigurationView/ConfigSecureApView.axaml	GCSViews/ConfigurationView/ConfigSecureApView.axaml	073a5cb2b982fe4f5f554de83080e632a749a2c7	MissionPlannerAvalonia->MissionPlanner
src/MissionPlannerAvalonia/Views/GCSViews/ConfigurationView/ConfigSecureApView.axaml.cs	GCSViews/ConfigurationView/ConfigSecureApView.axaml.cs	5ca693bc17ff07b8db914f33eb67b64d2765679e	MissionPlannerAvalonia->MissionPlanner
src/MissionPlannerAvalonia/Views/GCSViews/ConfigurationView/ConfigSecureView.axaml	GCSViews/ConfigurationView/ConfigSecureView.axaml	73ec7cbc8627ad90bee345657a9a5b4851f22912	MissionPlannerAvalonia->MissionPlanner
src/MissionPlannerAvalonia/Views/GCSViews/ConfigurationView/ConfigSecureView.axaml.cs	GCSViews/ConfigurationView/ConfigSecureView.axaml.cs	7a2040b172f8996f8f75cc11d7061fe8961e8287	MissionPlannerAvalonia->MissionPlanner
src/MissionPlannerAvalonia/Views/GCSViews/ConfigurationView/ConfigSerialView.axaml	GCSViews/ConfigurationView/ConfigSerialView.axaml	8d2999aa381fc38495433b1b7112061a2e987f2f	MissionPlannerAvalonia->MissionPlanner
src/MissionPlannerAvalonia/Views/GCSViews/ConfigurationView/ConfigSerialView.axaml.cs	GCSViews/ConfigurationView/ConfigSerialView.axaml.cs	626a5f0e89188a515b739c33c2551418210a535b	MissionPlannerAvalonia->MissionPlanner
src/MissionPlannerAvalonia/Views/GCSViews/ConfigurationView/ConfigTerminalView.axaml	GCSViews/ConfigurationView/ConfigTerminalView.axaml	33e53c7c9a7ad5dd330668355f055f0456aa448b	MissionPlannerAvalonia->MissionPlanner
src/MissionPlannerAvalonia/Views/GCSViews/ConfigurationView/ConfigTerminalView.axaml.cs	GCSViews/ConfigurationView/ConfigTerminalView.axaml.cs	2ecd661407df53fac84e33cd049e36cd3726858f	MissionPlannerAvalonia->MissionPlanner
src/MissionPlannerAvalonia/Views/GCSViews/ConfigurationView/ConfigTradHeli4View.axaml	GCSViews/ConfigurationView/ConfigTradHeli4View.axaml	4477567baf203d36e79197d9aca6ef9485cc3886	MissionPlannerAvalonia->MissionPlanner
src/MissionPlannerAvalonia/Views/GCSViews/ConfigurationView/ConfigTradHeli4View.axaml.cs	GCSViews/ConfigurationView/ConfigTradHeli4View.axaml.cs	1066fda6ad4f0ffa55754df49000d5b13b538148	MissionPlannerAvalonia->MissionPlanner
src/MissionPlannerAvalonia/Views/GCSViews/ConfigurationView/ConfigTradHeliView.axaml	GCSViews/ConfigurationView/ConfigTradHeliView.axaml	18799649507684e54a7d253511b4a94a123164db	MissionPlannerAvalonia->MissionPlanner
src/MissionPlannerAvalonia/Views/GCSViews/ConfigurationView/ConfigTradHeliView.axaml.cs	GCSViews/ConfigurationView/ConfigTradHeliView.axaml.cs	9e280276707eeb945e14dd3f52a8fa33c0f02385	MissionPlannerAvalonia->MissionPlanner
src/MissionPlannerAvalonia/Views/GCSViews/ConfigurationView/ConfigUserDefinedView.axaml	GCSViews/ConfigurationView/ConfigUserDefinedView.axaml	309c59e5805324d7ff080f68df475283b442aa21	MissionPlannerAvalonia->MissionPlanner
src/MissionPlannerAvalonia/Views/GCSViews/ConfigurationView/ConfigUserDefinedView.axaml.cs	GCSViews/ConfigurationView/ConfigUserDefinedView.axaml.cs	e3b01321b17a8f9521cc77f1d04062bec14726c6	MissionPlannerAvalonia->MissionPlanner
src/MissionPlannerAvalonia/Views/GCSViews/ConfigurationView/MavFTPUIView.axaml	GCSViews/ConfigurationView/MavFTPUIView.axaml	a094aaecf2abe3770539338b091d89ba4ba21de4	MissionPlannerAvalonia->MissionPlanner
src/MissionPlannerAvalonia/Views/GCSViews/ConfigurationView/MavFTPUIView.axaml.cs	GCSViews/ConfigurationView/MavFTPUIView.axaml.cs	2df875661faf05a83ce80b39f18627933f07d875	MissionPlannerAvalonia->MissionPlanner
src/MissionPlannerAvalonia/Views/GCSViews/ConfigurationView/WarningManagerView.axaml	GCSViews/ConfigurationView/WarningManagerView.axaml	5f88254e08de1eba30396ae2dbb2539c25cb59fd	MissionPlannerAvalonia->MissionPlanner
src/MissionPlannerAvalonia/Views/GCSViews/ConfigurationView/WarningManagerView.axaml.cs	GCSViews/ConfigurationView/WarningManagerView.axaml.cs	dd87089ee38dfad54e32306854438aaafd116d6f	MissionPlannerAvalonia->MissionPlanner
src/MissionPlannerAvalonia/Views/GeoRefView.axaml	Views/GeoRefView.axaml	191511289f05225e8f4bec1e7f77d2c908306b4e	MissionPlannerAvalonia->MissionPlanner
src/MissionPlannerAvalonia/Views/GeoRefView.axaml.cs	Views/GeoRefView.axaml.cs	94859c90562a9fe8bcb8edd6598218fa241a79e8	MissionPlannerAvalonia->MissionPlanner
src/MissionPlannerAvalonia/Views/GeoRefWindow.cs	Views/GeoRefWindow.cs	0644459f081fbcde75e1465d78455520d87f4b26	MissionPlannerAvalonia->MissionPlanner
src/MissionPlannerAvalonia/Views/GridUIView.axaml	Views/GridUIView.axaml	94a2099e0d9b04fe119c1178b8a268c90f506c00	MissionPlannerAvalonia->MissionPlanner
src/MissionPlannerAvalonia/Views/GridUIView.axaml.cs	Views/GridUIView.axaml.cs	6b8c5572c30d88651f4549ed641990823822de54	MissionPlannerAvalonia->MissionPlanner
src/MissionPlannerAvalonia/Views/GridUIWindow.cs	Views/GridUIWindow.cs	4a13d1bffed6ee16abc0e0d4742bddd680e4f291	MissionPlannerAvalonia->MissionPlanner
src/MissionPlannerAvalonia/Views/HelpView.axaml	Views/HelpView.axaml	dc6956ed9eb45a7166255d810aa575ab98f1e9d3	MissionPlannerAvalonia->MissionPlanner
src/MissionPlannerAvalonia/Views/HelpView.axaml.cs	Views/HelpView.axaml.cs	eddb97831fe4bf3ccd44c96e7cd3960407a5b445	MissionPlannerAvalonia->MissionPlanner
src/MissionPlannerAvalonia/Views/InfoPageView.axaml	Views/InfoPageView.axaml	f1e5033b200934ba3e5a25997d9021fc99237532	MissionPlannerAvalonia->MissionPlanner
src/MissionPlannerAvalonia/Views/InfoPageView.axaml.cs	Views/InfoPageView.axaml.cs	96059f3bc860e3507e6703b94f3976acd2bf7231	MissionPlannerAvalonia->MissionPlanner
src/MissionPlannerAvalonia/Views/LinkStatsWindow.axaml	Views/LinkStatsWindow.axaml	ea9dbff9dff5d20c6e9af679a7bbee9839513227	MissionPlannerAvalonia->MissionPlanner
src/MissionPlannerAvalonia/Views/LinkStatsWindow.axaml.cs	Views/LinkStatsWindow.axaml.cs	678c1ae8040b58e3c4cce67928aa87b4adafef85	MissionPlannerAvalonia->MissionPlanner
src/MissionPlannerAvalonia/Views/LogBrowseView.axaml	Views/LogBrowseView.axaml	4977f92d34bb1c34034fe98919f771955afacbf0	MissionPlannerAvalonia->MissionPlanner
src/MissionPlannerAvalonia/Views/LogBrowseView.axaml.cs	Views/LogBrowseView.axaml.cs	0a552b5d35dfc28152768bba8760ed8af36f6a51	MissionPlannerAvalonia->MissionPlanner
src/MissionPlannerAvalonia/Views/LogBrowseWindow.cs	Views/LogBrowseWindow.cs	643cb457c06701eba551e901b6ff40d04ab1ae8f	MissionPlannerAvalonia->MissionPlanner
src/MissionPlannerAvalonia/Views/LogDownloadWindow.axaml	Views/LogDownloadWindow.axaml	b2be48294dc28f8cadb8c68036ffa33e851735b0	MissionPlannerAvalonia->MissionPlanner
src/MissionPlannerAvalonia/Views/LogDownloadWindow.axaml.cs	Views/LogDownloadWindow.axaml.cs	b942828a69d844efb6caec4a5a504099c0c1c226	MissionPlannerAvalonia->MissionPlanner
src/MissionPlannerAvalonia/Views/LogIndexWindow.axaml	Views/LogIndexWindow.axaml	d5fca6f519362447c0d3af896a8a11cae6ba15fe	MissionPlannerAvalonia->MissionPlanner
src/MissionPlannerAvalonia/Views/LogIndexWindow.axaml.cs	Views/LogIndexWindow.axaml.cs	03c377367f313ea420c24afdd538011344eda278	MissionPlannerAvalonia->MissionPlanner
src/MissionPlannerAvalonia/Views/LogMetadataWindow.cs	Views/LogMetadataWindow.cs	1cb28488e781c1b2313cfa13613161190defb587	MissionPlannerAvalonia->MissionPlanner
src/MissionPlannerAvalonia/Views/MAVLinkInspectorView.axaml	Views/MAVLinkInspectorView.axaml	4dd95979900c28d8ebe0fa7a1a2a3ece272be07d	MissionPlannerAvalonia->MissionPlanner
src/MissionPlannerAvalonia/Views/MAVLinkInspectorView.axaml.cs	Views/MAVLinkInspectorView.axaml.cs	83c00c2aed2dbb355673a4b659ff7142c0aeb67f	MissionPlannerAvalonia->MissionPlanner
src/MissionPlannerAvalonia/Views/MAVLinkInspectorWindow.cs	Views/MAVLinkInspectorWindow.cs	02fbbe3fa5fa06678d61a03c640aec32513125d9	MissionPlannerAvalonia->MissionPlanner
src/MissionPlannerAvalonia/Views/MainWindow.axaml	Views/MainWindow.axaml	79651f8244df5c3d7f48b70f6d18d8611eee2aef	MissionPlannerAvalonia->MissionPlanner
src/MissionPlannerAvalonia/Views/MainWindow.axaml.cs	Views/MainWindow.axaml.cs	3bec6e4c83349a9130d22bf4c99d53934175aee2	MissionPlannerAvalonia->MissionPlanner
src/MissionPlannerAvalonia/Views/MapCacheView.axaml	Views/MapCacheView.axaml	dc57477ebb9e6e85f0612558d60da3c8f3bce919	MissionPlannerAvalonia->MissionPlanner
src/MissionPlannerAvalonia/Views/MapCacheView.axaml.cs	Views/MapCacheView.axaml.cs	f4b52ca9974efbfe0ab374d84d6999276403f346	MissionPlannerAvalonia->MissionPlanner
src/MissionPlannerAvalonia/Views/MapCacheWindow.cs	Views/MapCacheWindow.cs	059ee42744f0808013262e1b81e92b6efffa8b17	MissionPlannerAvalonia->MissionPlanner
src/MissionPlannerAvalonia/Views/MavlinkFieldGraphWindow.cs	Views/MavlinkFieldGraphWindow.cs	9c463fd6322aa7514c6107d94ba44e8a30c5e2c0	MissionPlannerAvalonia->MissionPlanner
src/MissionPlannerAvalonia/Views/MavlinkLogWindow.axaml	Views/MavlinkLogWindow.axaml	3b40382aa9b9bef239ca98c50130fdf3ca17b0af	MissionPlannerAvalonia->MissionPlanner
src/MissionPlannerAvalonia/Views/MavlinkLogWindow.axaml.cs	Views/MavlinkLogWindow.axaml.cs	34aa532ea3af69addd3827c2f8824dea66aa8383	MissionPlannerAvalonia->MissionPlanner
src/MissionPlannerAvalonia/Views/MavlinkSerialTcpBridgeView.axaml	Views/MavlinkSerialTcpBridgeView.axaml	9a0dddb28cbccffccd508741631c53640d0cb7e2	MissionPlannerAvalonia->MissionPlanner
src/MissionPlannerAvalonia/Views/MavlinkSerialTcpBridgeView.axaml.cs	Views/MavlinkSerialTcpBridgeView.axaml.cs	29c72cd198a0311b28d5d09442cfcc43722c9d47	MissionPlannerAvalonia->MissionPlanner
src/MissionPlannerAvalonia/Views/MavlinkSerialTcpBridgeWindow.cs	Views/MavlinkSerialTcpBridgeWindow.cs	49cbff2b0d38180e91c3b2e76e2fa4f74a1de842	MissionPlannerAvalonia->MissionPlanner
src/MissionPlannerAvalonia/Views/MicrodroneDownlinkView.axaml	Views/MicrodroneDownlinkView.axaml	31f8f32cad36d7cc290d86fd81347683777d023c	MissionPlannerAvalonia->MissionPlanner
src/MissionPlannerAvalonia/Views/MicrodroneDownlinkView.axaml.cs	Views/MicrodroneDownlinkView.axaml.cs	870a64cca5933aa97a0807dd34f07ea0b7ecce7e	MissionPlannerAvalonia->MissionPlanner
src/MissionPlannerAvalonia/Views/MicrodroneDownlinkWindow.cs	Views/MicrodroneDownlinkWindow.cs	c785af3132e8a7a42db75aecb3a10eccfef0a3d5	MissionPlannerAvalonia->MissionPlanner
src/MissionPlannerAvalonia/Views/MovingBaseView.axaml	Views/MovingBaseView.axaml	ee13cfc0de436ea0acbbe4b5ee1742a8b10c4ea1	MissionPlannerAvalonia->MissionPlanner
src/MissionPlannerAvalonia/Views/MovingBaseView.axaml.cs	Views/MovingBaseView.axaml.cs	f9ce9bfc0a9de37589fd9922d162aa58276acd5c	MissionPlannerAvalonia->MissionPlanner
src/MissionPlannerAvalonia/Views/MovingBaseWindow.cs	Views/MovingBaseWindow.cs	2715add75d7429f693376e9389d8a9de9112473f	MissionPlannerAvalonia->MissionPlanner
src/MissionPlannerAvalonia/Views/OfflineMagFitWindow.axaml	Views/OfflineMagFitWindow.axaml	f651ba1e8c437c78064ff7aebb35f61247d2aa27	MissionPlannerAvalonia->MissionPlanner
src/MissionPlannerAvalonia/Views/OfflineMagFitWindow.axaml.cs	Views/OfflineMagFitWindow.axaml.cs	ab34d19d2aa42e5a008425685599199b62f8fdac	MissionPlannerAvalonia->MissionPlanner
src/MissionPlannerAvalonia/Views/OpenDroneIdView.axaml	Views/OpenDroneIdView.axaml	81dc50f46654127ac5d9c754d3a22c5e31dce922	MissionPlannerAvalonia->MissionPlanner
src/MissionPlannerAvalonia/Views/OpenDroneIdView.axaml.cs	Views/OpenDroneIdView.axaml.cs	8ec75c102af725f3044b8303333f36353c0f90ef	MissionPlannerAvalonia->MissionPlanner
src/MissionPlannerAvalonia/Views/OsdVideoOverlayWindow.axaml	Views/OsdVideoOverlayWindow.axaml	0a5ebe02a8ce196e40884b521cbfbbaea78be685	MissionPlannerAvalonia->MissionPlanner
src/MissionPlannerAvalonia/Views/OsdVideoOverlayWindow.axaml.cs	Views/OsdVideoOverlayWindow.axaml.cs	649b7b23b966bf12a6c99572cda21b3a6271fcef	MissionPlannerAvalonia->MissionPlanner
src/MissionPlannerAvalonia/Views/ParamCompareWindow.cs	Views/ParamCompareWindow.cs	b24802895d3d21b93ed554073844425cf2ff7dc0	MissionPlannerAvalonia->MissionPlanner
src/MissionPlannerAvalonia/Views/PluginManagerWindow.axaml	Views/PluginManagerWindow.axaml	38fa8ba44a14a94d832da1d8027bbaf4bd852970	MissionPlannerAvalonia->MissionPlanner
src/MissionPlannerAvalonia/Views/PluginManagerWindow.axaml.cs	Views/PluginManagerWindow.axaml.cs	084685913ad68184ef97c5148b65cdbb78b73cbe	MissionPlannerAvalonia->MissionPlanner
src/MissionPlannerAvalonia/Views/PropagationSettingsWindow.cs	Views/PropagationSettingsWindow.cs	0edb3464b27c6137370a7203f6a6376fd0f9573d	MissionPlannerAvalonia->MissionPlanner
src/MissionPlannerAvalonia/Views/ProximityWindow.cs	Views/ProximityWindow.cs	8828e489c22c71e400f20c1d90c8752ebddb82bf	MissionPlannerAvalonia->MissionPlanner
src/MissionPlannerAvalonia/Views/RawParamsView.axaml	Views/RawParamsView.axaml	86cae54fea042681522151e1ec8e338d9b2a1e01	MissionPlannerAvalonia->MissionPlanner
src/MissionPlannerAvalonia/Views/RawParamsView.axaml.cs	Views/RawParamsView.axaml.cs	2037e01cb073803b198f3af08302a989551868ba	MissionPlannerAvalonia->MissionPlanner
src/MissionPlannerAvalonia/Views/SerialOutputCotView.axaml	Views/SerialOutputCotView.axaml	7eaa51d54b16b44c36efb1c92b173398077e81c7	MissionPlannerAvalonia->MissionPlanner
src/MissionPlannerAvalonia/Views/SerialOutputCotView.axaml.cs	Views/SerialOutputCotView.axaml.cs	e9f467faa001f8c19d0f9fbe4d5e2f8be2815c67	MissionPlannerAvalonia->MissionPlanner
src/MissionPlannerAvalonia/Views/SerialOutputCotWindow.cs	Views/SerialOutputCotWindow.cs	11de015f83674de37d7843de0a774e4a0dea4568	MissionPlannerAvalonia->MissionPlanner
src/MissionPlannerAvalonia/Views/SerialOutputNMEAView.axaml	Views/SerialOutputNMEAView.axaml	4ec5f497112ffb6a307ef5862b9d521d0d413fe1	MissionPlannerAvalonia->MissionPlanner
src/MissionPlannerAvalonia/Views/SerialOutputNMEAView.axaml.cs	Views/SerialOutputNMEAView.axaml.cs	9e4fbcd679a7bcbe5e0ac34d63d76fe7f589f158	MissionPlannerAvalonia->MissionPlanner
src/MissionPlannerAvalonia/Views/SerialOutputNMEAWindow.cs	Views/SerialOutputNMEAWindow.cs	a5b79a8999a7813969a26239c498ee9be17f3918	MissionPlannerAvalonia->MissionPlanner
src/MissionPlannerAvalonia/Views/SerialPassThroughView.axaml	Views/SerialPassThroughView.axaml	3d91f999798206430fea091a073ed0915c151020	MissionPlannerAvalonia->MissionPlanner
src/MissionPlannerAvalonia/Views/SerialPassThroughView.axaml.cs	Views/SerialPassThroughView.axaml.cs	bec0af9bedd908e9fd686f21df4ba1122615a44e	MissionPlannerAvalonia->MissionPlanner
src/MissionPlannerAvalonia/Views/SerialPassThroughWindow.cs	Views/SerialPassThroughWindow.cs	aedc740b2a8dc4ed00a76c0f30a388074b4d8ac4	MissionPlannerAvalonia->MissionPlanner
src/MissionPlannerAvalonia/Views/Setup/InstallFirmwareView.axaml	GCSViews/Setup/InstallFirmwareView.axaml	49a9bc0f5b0a7392d810b953b9c5f5130fdd5d83	MissionPlannerAvalonia->MissionPlanner
src/MissionPlannerAvalonia/Views/Setup/InstallFirmwareView.axaml.cs	GCSViews/Setup/InstallFirmwareView.axaml.cs	6b43a9344167ba0a3bb1373afd89e8a2fab5fe86	MissionPlannerAvalonia->MissionPlanner
src/MissionPlannerAvalonia/Views/Setup/NvModemView.axaml	GCSViews/Setup/NvModemView.axaml	b5e52c6c9db1eeaf8a0acb37366c39687ba1a011	MissionPlannerAvalonia->MissionPlanner
src/MissionPlannerAvalonia/Views/Setup/NvModemView.axaml.cs	GCSViews/Setup/NvModemView.axaml.cs	f8a67e04185333d9e39b947a890fcb8daa175aee	MissionPlannerAvalonia->MissionPlanner
src/MissionPlannerAvalonia/Views/Setup/SikRadioView.axaml	GCSViews/Setup/SikRadioView.axaml	c428520bafe3e94c18d4b5b5d2750b66fc1ca6ad	MissionPlannerAvalonia->MissionPlanner
src/MissionPlannerAvalonia/Views/Setup/SikRadioView.axaml.cs	GCSViews/Setup/SikRadioView.axaml.cs	cbe29416a95de9f184538506cc56dee250d5af83	MissionPlannerAvalonia->MissionPlanner
src/MissionPlannerAvalonia/Views/SetupView.axaml	GCSViews/SetupView.axaml	a78f1cfd09d3eca3163aaf6fbb5544d3ad018aec	MissionPlannerAvalonia->MissionPlanner
src/MissionPlannerAvalonia/Views/SetupView.axaml.cs	GCSViews/SetupView.axaml.cs	d04cd0765868a9259c486669f21cb4ed179e48fd	MissionPlannerAvalonia->MissionPlanner
src/MissionPlannerAvalonia/Views/SftpLogDownloadWindow.axaml	Views/SftpLogDownloadWindow.axaml	6729e29d8e0b731a88f48c026c5d4b870948ef82	MissionPlannerAvalonia->MissionPlanner
src/MissionPlannerAvalonia/Views/SftpLogDownloadWindow.axaml.cs	Views/SftpLogDownloadWindow.axaml.cs	70c8a79fadc7b16314e26283d363cc8e170c317c	MissionPlannerAvalonia->MissionPlanner
src/MissionPlannerAvalonia/Views/SimulationView.axaml	Views/SimulationView.axaml	a0e08ed9ce997b2c5d55a45436f42ea8a42faa15	MissionPlannerAvalonia->MissionPlanner
src/MissionPlannerAvalonia/Views/SimulationView.axaml.cs	Views/SimulationView.axaml.cs	5d0fd08794920a23a855eb4daeae3114dc7edc26	MissionPlannerAvalonia->MissionPlanner
src/MissionPlannerAvalonia/Views/SpectrogramWindow.cs	Views/SpectrogramWindow.cs	acf2c615f43ed3d1094517a3ef8cc6f3dd6ba3be	MissionPlannerAvalonia->MissionPlanner
src/MissionPlannerAvalonia/Views/SwarmFollowLeaderWindow.axaml	Views/SwarmFollowLeaderWindow.axaml	d0642a927bff7dc242bfa7b4a83b5dd9bff54ff4	MissionPlannerAvalonia->MissionPlanner
src/MissionPlannerAvalonia/Views/SwarmFollowLeaderWindow.axaml.cs	Views/SwarmFollowLeaderWindow.axaml.cs	5f6442afbe6f1a577d7c35cd746e8bb9749f6a0b	MissionPlannerAvalonia->MissionPlanner
src/MissionPlannerAvalonia/Views/SwarmFollowPathWindow.axaml	Views/SwarmFollowPathWindow.axaml	12ca617bc4a54aff51507476bd45365bdba2b7be	MissionPlannerAvalonia->MissionPlanner
src/MissionPlannerAvalonia/Views/SwarmFollowPathWindow.axaml.cs	Views/SwarmFollowPathWindow.axaml.cs	84570bddefb9fabaafeb8344451449a37a77191a	MissionPlannerAvalonia->MissionPlanner
src/MissionPlannerAvalonia/Views/SwarmSequenceWindow.axaml	Views/SwarmSequenceWindow.axaml	dde23914c94a1288ac8fca1b3bb6a873a09c2818	MissionPlannerAvalonia->MissionPlanner
src/MissionPlannerAvalonia/Views/SwarmSequenceWindow.axaml.cs	Views/SwarmSequenceWindow.axaml.cs	734d1e91072bf76ffdb3ffe39286387133aaed7e	MissionPlannerAvalonia->MissionPlanner
src/MissionPlannerAvalonia/Views/SwarmWaypointLeaderWindow.axaml	Views/SwarmWaypointLeaderWindow.axaml	21014a829e37c0ee2ee1017d882c4dbab2538922	MissionPlannerAvalonia->MissionPlanner
src/MissionPlannerAvalonia/Views/SwarmWaypointLeaderWindow.axaml.cs	Views/SwarmWaypointLeaderWindow.axaml.cs	7668067cb03d53e9d66f26d685cbc3b77683b06e	MissionPlannerAvalonia->MissionPlanner
src/MissionPlannerAvalonia/Views/Terrain3DView.axaml	Views/Terrain3DView.axaml	b5c099de9730a23f78d563b2fe599b5724a86547	MissionPlannerAvalonia->MissionPlanner
src/MissionPlannerAvalonia/Views/Terrain3DView.axaml.cs	Views/Terrain3DView.axaml.cs	ee5074d3dcca443f3b3e14a7d60a38c47a7ed159	MissionPlannerAvalonia->MissionPlanner
src/MissionPlannerAvalonia/Views/Terrain3DWindow.cs	Views/Terrain3DWindow.cs	77995a5e9535a3012b5a7b5d4ac647f97af0c795	MissionPlannerAvalonia->MissionPlanner
src/MissionPlannerAvalonia/Views/TerrainMakerWindow.axaml	Views/TerrainMakerWindow.axaml	435b6a73846335cadf61b92786568f298f0dbadb	MissionPlannerAvalonia->MissionPlanner
src/MissionPlannerAvalonia/Views/TerrainMakerWindow.axaml.cs	Views/TerrainMakerWindow.axaml.cs	071fc04b1ef2d0114469fe6bce6f871239619746	MissionPlannerAvalonia->MissionPlanner
src/MissionPlannerAvalonia/Views/ThemeEditorWindow.cs	Views/ThemeEditorWindow.cs	ca88f135787598fdd0d6fc787c0d7292be9c2063	MissionPlannerAvalonia->MissionPlanner
src/MissionPlannerAvalonia/Views/TrackerHomeModuleWindow.axaml	Views/TrackerHomeModuleWindow.axaml	504f637f7c3df624e6ded8f670711cf9dcf76564	MissionPlannerAvalonia->MissionPlanner
src/MissionPlannerAvalonia/Views/TrackerHomeModuleWindow.axaml.cs	Views/TrackerHomeModuleWindow.axaml.cs	9689db95d58aa343a01cfdd5c817782224e214a3	MissionPlannerAvalonia->MissionPlanner
src/MissionPlannerAvalonia/Views/TranslationEditorWindow.axaml	Views/TranslationEditorWindow.axaml	85855d953141d470527b18f19e5cefd5f4121f7d	MissionPlannerAvalonia->MissionPlanner
src/MissionPlannerAvalonia/Views/TranslationEditorWindow.axaml.cs	Views/TranslationEditorWindow.axaml.cs	717d538e18509e2e2885064f47dfa82b1319f59c	MissionPlannerAvalonia->MissionPlanner
src/MissionPlannerAvalonia/Views/WarningManagerWindow.cs	Views/WarningManagerWindow.cs	ce443c21eb49662ff981036705fa816aecf3b43c	MissionPlannerAvalonia->MissionPlanner
src/MissionPlannerAvalonia/app.manifest	app.manifest	7f46ce2cc67afd14cc59374b92efb07e8f3e8b6c	MissionPlannerAvalonia->MissionPlanner
